Workbook

Sheet Calculator
A1: AVA containment break-even: validation workbook
A2: Blue cells are inputs. Every other number is a formula you can inspect. Enter the same inputs as the web page and compare.
A4: Supplied values (monthly basis)
A5: Inbound calls per month | B5: 96000
A6: Fully loaded agent cost (per agent, per month) | B6: 7000
A7: Agent occupancy rate | B7: 0.8
A8: Average call time (sec) | B8: 600
A9: Paid hours per agent per month (one FTE) | B9: 173
A10: % of agent time spent on these calls | B10: 0.75
A11: % of calls that go directly to an agent | B11: 0.1
A12: % of calls contained in IVR | B12: 0.2
A13: % of calls contained in AVA (target, % of ALL calls) | B13: 0.5
A14: IVR cost per call (only calls that never reach AVA) | B14: 0.5
A15: AVA cost per call (replaces the IVR fee) | B15: 1.2
A16: Charge AVA on escalated calls too (1 = yes, 0 = no) | B16: 1
... A20: Spread implementation over (months) | B20: 36
A22: Calculated values
A23: Agent calls per hour | B23: =3600/$B$8*$B$7 | E23: 3600 ÷ call time × occupancy
A24: Handle hours per FTE per month | B24: =$B$9*$B$10*$B$7 | E24: paid hours × % on these calls × occupancy
A25: Calls per FTE per month | B25: =B24*3600/$B$8 | E25: handle hours per FTE × 3600 ÷ call time
A26: Agent cost per call | B26: =$B$6/B25 | E26: agent cost ÷ calls per FTE per month
A27: % of calls reaching AVA | B27: =1-$B$11-$B$12 | E27: 100% − direct − IVR contained
A28: % IVR → AVA → Agent (at target) | B28: =B27-$B$13 | E28: reaching AVA − AVA contained
A29: Check: four paths add to 100% | B29: =$B$11+$B$12+$B$13+B28 | E29: must equal 100.0%
A30: AVA fixed cost per month | B30: =$B$18+$B$19/$B$20 | E30: platform fee + implementation ÷ months
A32: Monthly cost comparison | B32: Without AVA | C32: At target | D32: Change
A33: Agent-handled calls | B33: =($B$11+$B$27)*$B$5 | C33: =($B$11+$B$28)*$B$5 | D33: =C33-B33
A34: Agent handle hours | B34: =B33*$B$8/3600 | C34: =C33*$B$8/3600 | D34: =C34-B34
A35: Agent FTEs required | B35: =IF($B$17=1,ROUNDUP(B34/$B$24-0.000000001,0),B34/$B$24) | C35: =IF($B$17=1,ROUNDUP(C34/$B$24-0.000000001,0),C34/$B$24) | D35: =C35-B35
A36: Agent labor | B36: =B35*$B$6 | C36: =C35*$B$6 | D36: =C36-B36
A37: IVR cost | B37: =(1-$B$11)*$B$5*$B$14 | C37: =$B$12*$B$5*$B$14 | D37: =C37-B37
A38: AVA per-call cost | B38: =0 | C38: =IF($B$16=1,$B$27,$B$13)*$B$5*$B$15 | D38: =C38-B38
A39: AVA fixed cost | B39: =0 | C39: =$B$30 | D39: =C39-B39
A40: Total monthly cost | B40: =SUM(B36:B39) | C40: =SUM(C36:C39) | D40: =C40-B40
A42: Monthly savings at target | B42: =B40-C40
A43: Annual savings at target | B43: =B42*12
A45: Hours automated → FTEs saved → dollars (at target)
A46: Agent hours automated per month | B46: =$B$13*$B$5*$B$8/3600 | E46: AVA-contained calls × call time ÷ 3600
A47: FTEs saved (fractional) | B47: =B46/B24 | E47: hours automated ÷ handle hours per FTE
A48: FTEs saved (as staffed) | B48: =B35-C35 | E48: FTEs without AVA − FTEs at target (whole people if rounding is on)
A49: Labor saved | B49: =B48*$B$6 | E49: FTEs saved × fully loaded cost
A50: IVR fees avoided | B50: =B37-C37 | E50: calls reaching AVA × IVR cost per call (they pay the AVA fee instead)
A51: AVA cost (per-call + fixed) | B51: =C38+C39
A52: Net monthly savings | B52: =B49+B50-B51 | E52: labor saved + IVR fees avoided − AVA cost; must equal monthly savings above
A54: Break-even AVA containment (% of all calls)
A55: First 0.1% step at or above break-even (works with or without rounding) | B55: =_xlfn.MINIFS(Ladder!A:A,Ladder!H:H,">=0") | E55: lowest containment in the Ladder sheet with savings ≥ 0
A56: Same, as % of calls reaching AVA | B56: =B55/B27
A57: Closed form, fractional agents (cross-check) | B57: =MAX(0,IF($B$16=1,(B27*$B$5*($B$15-$B$14)+B30)/($B$5*B26),(B30-B27*$B$5*$B$14)/($B$5*(B26-$B$15)))) | E57: charged: (AVA calls × AVA cost + fixed) ÷ (calls × agent cost per call); not charged: fixed ÷ (calls × (agent cost per call − AVA cost))

Sheet Ladder
A1: AVA contained (% all calls) | B1: % of AVA calls | C1: IVR → AVA → Agent | D1: Agent calls | E1: FTEs needed | F1: AVA per-call cost | G1: Total monthly cost | H1: Monthly savings | I1: Agent hours automated | J1: FTEs saved
A2: =IF(0/1000<=Calculator!$B$27+0.0000001,0/1000,"") | B2: =IF(A2="","",A2/Calculator!$B$27) | C2: =IF(A2="","",Calculator!$B$27-A2) | D2: =IF(A2="","",(Calculator!$B$11+C2)*Calculator!$B$5) | E2: =IF(A2="","",IF(Calculator!$B$17=1,ROUNDUP(D2*Calculator!$B$8/3600/Calculator!$B$24-0.000000001,0),D2*Calculator!$B$8/3600/Calculator!$B$24)) | F2: =IF(A2="","",IF(Calculator!$B$16=1,Calculator!$B$27,A2)*Calculator!$B$5*Calculator!$B$15) | G2: =IF(A2="","",E2*Calculator!$B$6+Calculator!$C$37+F2+Calculator!$B$30) | H2: =IF(A2="","",Calculator!$B$40-G2) | I2: =IF(A2="","",A2*Calculator!$B$5*Calculator!$B$8/3600) | J2: =IF(A2="","",Calculator!$B$35-E2)
A3: =IF(1/1000<=Calculator!$B$27+0.0000001,1/1000,"") | B3: =IF(A3="","",A3/Calculator!$B$27) | C3: =IF(A3="","",Calculator!$B$27-A3) | D3: =IF(A3="","",(Calculator!$B$11+C3)*Calculator!$B$5) | E3: =IF(A3="","",IF(Calculator!$B$17=1,ROUNDUP(D3*Calculator!$B$8/3600/Calculator!$B$24-0.000000001,0),D3*Calculator!$B$8/3600/Calculator!$B$24)) | F3: =IF(A3="","",IF(Calculator!$B$16=1,Calculator!$B$27,A3)*Calculator!$B$5*Calculator!$B$15) | G3: =IF(A3="","",E3*Calculator!$B$6+Calculator!$C$37+F3+Calculator!$B$30) | H3: =IF(A3="","",Calculator!$B$40-G3) | I3: =IF(A3="","",A3*Calculator!$B$5*Calculator!$B$8/3600) | J3: =IF(A3="","",Calculator!$B$35-E3)
A4: =IF(2/1000<=Calculator!$B$27+0.0000001,2/1000,"") | B4: =IF(A4="","",A4/Calculator!$B$27) | C4: =IF(A4="","",Calculator!$B$27-A4) | D4: =IF(A4="","",(Calculator!$B$11+C4)*Calculator!$B$5) | E4: =IF(A4="","",IF(Calculator!$B$17=1,ROUNDUP(D4*Calculator!$B$8/3600/Calculator!$B$24-0.000000001,0),D4*Calculator!$B$8/3600/Calculator!$B$24)) | F4: =IF(A4="","",IF(Calculator!$B$16=1,Calculator!$B$27,A4)*Calculator!$B$5*Calculator!$B$15) | G4: =IF(A4="","",E4*Calculator!$B$6+Calculator!$C$37+F4+Calculator!$B$30) | H4: =IF(A4="","",Calculator!$B$40-G4) | I4: =IF(A4="","",A4*Calculator!$B$5*Calculator!$B$8/3600) | J4: =IF(A4="","",Calculator!$B$35-E4)
A5: =IF(3/1000<=Calculator!$B$27+0.0000001,3/1000,"") | B5: =IF(A5="","",A5/Calculator!$B$27) | C5: =IF(A5="","",Calculator!$B$27-A5) | D5: =IF(A5="","",(Calculator!$B$11+C5)*Calculator!$B$5) | E5: =IF(A5="","",IF(Calculator!$B$17=1,ROUNDUP(D5*Calculator!$B$8/3600/Calculator!$B$24-0.000000001,0),D5*Calculator!$B$8/3600/Calculator!$B$24)) | F5: =IF(A5="","",IF(Calculator!$B$16=1,Calculator!$B$27,A5)*Calculator!$B$5*Calculator!$B$15) | G5: =IF(A5="","",E5*Calculator!$B$6+Calculator!$C$37+F5+Calculator!$B$30) | H5: =IF(A5="","",Calculator!$B$40-G5) | I5: =IF(A5="","",A5*Calculator!$B$5*Calculator!$B$8/3600) | J5: =IF(A5="","",Calculator!$B$35-E5)
A6: =IF(4/1000<=Calculator!$B$27+0.0000001,4/1000,"") | B6: =IF(A6="","",A6/Calculator!$B$27) | C6: =IF(A6="","",Calculator!$B$27-A6) | D6: =IF(A6="","",(Calculator!$B$11+C6)*Calculator!$B$5) | E6: =IF(A6="","",IF(Calculator!$B$17=1,ROUNDUP(D6*Calculator!$B$8/3600/Calculator!$B$24-0.000000001,0),D6*Calculator!$B$8/3600/Calculator!$B$24)) | F6: =IF(A6="","",IF(Calculator!$B$16=1,Calculator!$B$27,A6)*Calculator!$B$5*Calculator!$B$15) | G6: =IF(A6="","",E6*Calculator!$B$6+Calculator!$C$37+F6+Calculator!$B$30) | H6: =IF(A6="","",Calculator!$B$40-G6) | I6: =IF(A6="","",A6*Calculator!$B$5*Calculator!$B$8/3600) | J6: =IF(A6="","",Calculator!$B$35-E6)
A7: =IF(5/1000<=Calculator!$B$27+0.0000001,5/1000,"") | B7: =IF(A7="","",A7/Calculator!$B$27) | C7: =IF(A7="","",Calculator!$B$27-A7) | D7: =IF(A7="","",(Calculator!$B$11+C7)*Calculator!$B$5) | E7: =IF(A7="","",IF(Calculator!$B$17=1,ROUNDUP(D7*Calculator!$B$8/3600/Calculator!$B$24-0.000000001,0),D7*Calculator!$B$8/3600/Calculator!$B$24)) | F7: =IF(A7="","",IF(Calculator!$B$16=1,Calculator!$B$27,A7)*Calculator!$B$5*Calculator!$B$15) | G7: =IF(A7="","",E7*Calculator!$B$6+Calculator!$C$37+F7+Calculator!$B$30) | H7: =IF(A7="","",Calculator!$B$40-G7) | I7: =IF(A7="","",A7*Calculator!$B$5*Calculator!$B$8/3600) | J7: =IF(A7="","",Calculator!$B$35-E7)
A8: =IF(6/1000<=Calculator!$B$27+0.0000001,6/1000,"") | B8: =IF(A8="","",A8/Calculator!$B$27) | C8: =IF(A8="","",Calculator!$B$27-A8) | D8: =IF(A8="","",(Calculator!$B$11+C8)*Calculator!$B$5) | E8: =IF(A8="","",IF(Calculator!$B$17=1,ROUNDUP(D8*Calculator!$B$8/3600/Calculator!$B$24-0.000000001,0),D8*Calculator!$B$8/3600/Calculator!$B$24)) | F8: =IF(A8="","",IF(Calculator!$B$16=1,Calculator!$B$27,A8)*Calculator!$B$5*Calculator!$B$15) | G8: =IF(A8="","",E8*Calculator!$B$6+Calculator!$C$37+F8+Calculator!$B$30) | H8: =IF(A8="","",Calculator!$B$40-G8) | I8: =IF(A8="","",A8*Calculator!$B$5*Calculator!$B$8/3600) | J8: =IF(A8="","",Calculator!$B$35-E8)
A9: =IF(7/1000<=Calculator!$B$27+0.0000001,7/1000,"") | B9: =IF(A9="","",A9/Calculator!$B$27) | C9: =IF(A9="","",Calculator!$B$27-A9) | D9: =IF(A9="","",(Calculator!$B$11+C9)*Calculator!$B$5) | E9: =IF(A9="","",IF(Calculator!$B$17=1,ROUNDUP(D9*Calculator!$B$8/3600/Calculator!$B$24-0.000000001,0),D9*Calculator!$B$8/3600/Calculator!$B$24)) | F9: =IF(A9="","",IF(Calculator!$B$16=1,Calculator!$B$27,A9)*Calculator!$B$5*Calculator!$B$15) | G9: =IF(A9="","",E9*Calculator!$B$6+Calculator!$C$37+F9+Calculator!$B$30) | H9: =IF(A9="","",Calculator!$B$40-G9) | I9: =IF(A9="","",A9*Calculator!$B$5*Calculator!$B$8/3600) | J9: =IF(A9="","",Calculator!$B$35-E9)
A10: =IF(8/1000<=Calculator!$B$27+0.0000001,8/1000,"") | B10: =IF(A10="","",A10/Calculator!$B$27) | C10: =IF(A10="","",Calculator!$B$27-A10) | D10: =IF(A10="","",(Calculator!$B$11+C10)*Calculator!$B$5) | E10: =IF(A10="","",IF(Calculator!$B$17=1,ROUNDUP(D10*Calculator!$B$8/3600/Calculator!$B$24-0.000000001,0),D10*Calculator!$B$8/3600/Calculator!$B$24)) | F10: =IF(A10="","",IF(Calculator!$B$16=1,Calculator!$B$27,A10)*Calculator!$B$5*Calculator!$B$15) | G10: =IF(A10="","",E10*Calculator!$B$6+Calculator!$C$37+F10+Calculator!$B$30) | H10: =IF(A10="","",Calculator!$B$40-G10) | I10: =IF(A10="","",A10*Calculator!$B$5*Calculator!$B$8/3600) | J10: =IF(A10="","",Calculator!$B$35-E10)
A11: =IF(9/1000<=Calculator!$B$27+0.0000001,9/1000,"") | B11: =IF(A11="","",A11/Calculator!$B$27) | C11: =IF(A11="","",Calculator!$B$27-A11) | D11: =IF(A11="","",(Calculator!$B$11+C11)*Calculator!$B$5) | E11: =IF(A11="","",IF(Calculator!$B$17=1,ROUNDUP(D11*Calculator!$B$8/3600/Calculator!$B$24-0.000000001,0),D11*Calculator!$B$8/3600/Calculator!$B$24)) | F11: =IF(A11="","",IF(Calculator!$B$16=1,Calculator!$B$27,A11)*Calculator!$B$5*Calculator!$B$15) | G11: =IF(A11="","",E11*Calculator!$B$6+Calculator!$C$37+F11+Calculator!$B$30) | H11: =IF(A11="","",Calculator!$B$40-G11) | I11: =IF(A11="","",A11*Calculator!$B$5*Calculator!$B$8/3600) | J11: =IF(A11="","",Calculator!$B$35-E11)
A12: =IF(10/1000<=Calculator!$B$27+0.0000001,10/1000,"") | B12: =IF(A12="","",A12/Calculator!$B$27) | C12: =IF(A12="","",Calculator!$B$27-A12) | D12: =IF(A12="","",(Calculator!$B$11+C12)*Calculator!$B$5) | E12: =IF(A12="","",IF(Calculator!$B$17=1,ROUNDUP(D12*Calculator!$B$8/3600/Calculator!$B$24-0.000000001,0),D12*Calculator!$B$8/3600/Calculator!$B$24)) | F12: =IF(A12="","",IF(Calculator!$B$16=1,Calculator!$B$27,A12)*Calculator!$B$5*Calculator!$B$15) | G12: =IF(A12="","",E12*Calculator!$B$6+Calculator!$C$37+F12+Calculator!$B$30) | H12: =IF(A12="","",Calculator!$B$40-G12) | I12: =IF(A12="","",A12*Calculator!$B$5*Calculator!$B$8/3600) | J12: =IF(A12="","",Calculator!$B$35-E12)
A13: =IF(11/1000<=Calculator!$B$27+0.0000001,11/1000,"") | B13: =IF(A13="","",A13/Calculator!$B$27) | C13: =IF(A13="","",Calculator!$B$27-A13) | D13: =IF(A13="","",(Calculator!$B$11+C13)*Calculator!$B$5) | E13: =IF(A13="","",IF(Calculator!$B$17=1,ROUNDUP(D13*Calculator!$B$8/3600/Calculator!$B$24-0.000000001,0),D13*Calculator!$B$8/3600/Calculator!$B$24)) | F13: =IF(A13="","",IF(Calculator!$B$16=1,Calculator!$B$27,A13)*Calculator!$B$5*Calculator!$B$15) | G13: =IF(A13="","",E13*Calculator!$B$6+Calculator!$C$37+F13+Calculator!$B$30) | H13: =IF(A13="","",Calculator!$B$40-G13) | I13: =IF(A13="","",A13*Calculator!$B$5*Calculator!$B$8/3600) | J13: =IF(A13="","",Calculator!$B$35-E13)
A14: =IF(12/1000<=Calculator!$B$27+0.0000001,12/1000,"") | B14: =IF(A14="","",A14/Calculator!$B$27) | C14: =IF(A14="","",Calculator!$B$27-A14) | D14: =IF(A14="","",(Calculator!$B$11+C14)*Calculator!$B$5) | E14: =IF(A14="","",IF(Calculator!$B$17=1,ROUNDUP(D14*Calculator!$B$8/3600/Calculator!$B$24-0.000000001,0),D14*Calculator!$B$8/3600/Calculator!$B$24)) | F14: =IF(A14="","",IF(Calculator!$B$16=1,Calculator!$B$27,A14)*Calculator!$B$5*Calculator!$B$15) | G14: =IF(A14="","",E14*Calculator!$B$6+Calculator!$C$37+F14+Calculator!$B$30) | H14: =IF(A14="","",Calculator!$B$40-G14) | I14: =IF(A14="","",A14*Calculator!$B$5*Calculator!$B$8/3600) | J14: =IF(A14="","",Calculator!$B$35-E14)
A15: =IF(13/1000<=Calculator!$B$27+0.0000001,13/1000,"") | B15: =IF(A15="","",A15/Calculator!$B$27) | C15: =IF(A15="","",Calculator!$B$27-A15) | D15: =IF(A15="","",(Calculator!$B$11+C15)*Calculator!$B$5) | E15: =IF(A15="","",IF(Calculator!$B$17=1,ROUNDUP(D15*Calculator!$B$8/3600/Calculator!$B$24-0.000000001,0),D15*Calculator!$B$8/3600/Calculator!$B$24)) | F15: =IF(A15="","",IF(Calculator!$B$16=1,Calculator!$B$27,A15)*Calculator!$B$5*Calculator!$B$15) | G15: =IF(A15="","",E15*Calculator!$B$6+Calculator!$C$37+F15+Calculator!$B$30) | H15: =IF(A15="","",Calculator!$B$40-G15) | I15: =IF(A15="","",A15*Calculator!$B$5*Calculator!$B$8/3600) | J15: =IF(A15="","",Calculator!$B$35-E15)
A16: =IF(14/1000<=Calculator!$B$27+0.0000001,14/1000,"") | B16: =IF(A16="","",A16/Calculator!$B$27) | C16: =IF(A16="","",Calculator!$B$27-A16) | D16: =IF(A16="","",(Calculator!$B$11+C16)*Calculator!$B$5) | E16: =IF(A16="","",IF(Calculator!$B$17=1,ROUNDUP(D16*Calculator!$B$8/3600/Calculator!$B$24-0.000000001,0),D16*Calculator!$B$8/3600/Calculator!$B$24)) | F16: =IF(A16="","",IF(Calculator!$B$16=1,Calculator!$B$27,A16)*Calculator!$B$5*Calculator!$B$15) | G16: =IF(A16="","",E16*Calculator!$B$6+Calculator!$C$37+F16+Calculator!$B$30) | H16: =IF(A16="","",Calculator!$B$40-G16) | I16: =IF(A16="","",A16*Calculator!$B$5*Calculator!$B$8/3600) | J16: =IF(A16="","",Calculator!$B$35-E16)
A17: =IF(15/1000<=Calculator!$B$27+0.0000001,15/1000,"") | B17: =IF(A17="","",A17/Calculator!$B$27) | C17: =IF(A17="","",Calculator!$B$27-A17) | D17: =IF(A17="","",(Calculator!$B$11+C17)*Calculator!$B$5) | E17: =IF(A17="","",IF(Calculator!$B$17=1,ROUNDUP(D17*Calculator!$B$8/3600/Calculator!$B$24-0.000000001,0),D17*Calculator!$B$8/3600/Calculator!$B$24)) | F17: =IF(A17="","",IF(Calculator!$B$16=1,Calculator!$B$27,A17)*Calculator!$B$5*Calculator!$B$15) | G17: =IF(A17="","",E17*Calculator!$B$6+Calculator!$C$37+F17+Calculator!$B$30) | H17: =IF(A17="","",Calculator!$B$40-G17) | I17: =IF(A17="","",A17*Calculator!$B$5*Calculator!$B$8/3600) | J17: =IF(A17="","",Calculator!$B$35-E17)
A18: =IF(16/1000<=Calculator!$B$27+0.0000001,16/1000,"") | B18: =IF(A18="","",A18/Calculator!$B$27) | C18: =IF(A18="","",Calculator!$B$27-A18) | D18: =IF(A18="","",(Calculator!$B$11+C18)*Calculator!$B$5) | E18: =IF(A18="","",IF(Calculator!$B$17=1,ROUNDUP(D18*Calculator!$B$8/3600/Calculator!$B$24-0.000000001,0),D18*Calculator!$B$8/3600/Calculator!$B$24)) | F18: =IF(A18="","",IF(Calculator!$B$16=1,Calculator!$B$27,A18)*Calculator!$B$5*Calculator!$B$15) | G18: =IF(A18="","",E18*Calculator!$B$6+Calculator!$C$37+F18+Calculator!$B$30) | H18: =IF(A18="","",Calculator!$B$40-G18) | I18: =IF(A18="","",A18*Calculator!$B$5*Calculator!$B$8/3600) | J18: =IF(A18="","",Calculator!$B$35-E18)
A19: =IF(17/1000<=Calculator!$B$27+0.0000001,17/1000,"") | B19: =IF(A19="","",A19/Calculator!$B$27) | C19: =IF(A19="","",Calculator!$B$27-A19) | D19: =IF(A19="","",(Calculator!$B$11+C19)*Calculator!$B$5) | E19: =IF(A19="","",IF(Calculator!$B$17=1,ROUNDUP(D19*Calculator!$B$8/3600/Calculator!$B$24-0.000000001,0),D19*Calculator!$B$8/3600/Calculator!$B$24)) | F19: =IF(A19="","",IF(Calculator!$B$16=1,Calculator!$B$27,A19)*Calculator!$B$5*Calculator!$B$15) | G19: =IF(A19="","",E19*Calculator!$B$6+Calculator!$C$37+F19+Calculator!$B$30) | H19: =IF(A19="","",Calculator!$B$40-G19) | I19: =IF(A19="","",A19*Calculator!$B$5*Calculator!$B$8/3600) | J19: =IF(A19="","",Calculator!$B$35-E19)
A20: =IF(18/1000<=Calculator!$B$27+0.0000001,18/1000,"") | B20: =IF(A20="","",A20/Calculator!$B$27) | C20: =IF(A20="","",Calculator!$B$27-A20) | D20: =IF(A20="","",(Calculator!$B$11+C20)*Calculator!$B$5) | E20: =IF(A20="","",IF(Calculator!$B$17=1,ROUNDUP(D20*Calculator!$B$8/3600/Calculator!$B$24-0.000000001,0),D20*Calculator!$B$8/3600/Calculator!$B$24)) | F20: =IF(A20="","",IF(Calculator!$B$16=1,Calculator!$B$27,A20)*Calculator!$B$5*Calculator!$B$15) | G20: =IF(A20="","",E20*Calculator!$B$6+Calculator!$C$37+F20+Calculator!$B$30) | H20: =IF(A20="","",Calculator!$B$40-G20) | I20: =IF(A20="","",A20*Calculator!$B$5*Calculator!$B$8/3600) | J20: =IF(A20="","",Calculator!$B$35-E20)
A21: =IF(19/1000<=Calculator!$B$27+0.0000001,19/1000,"") | B21: =IF(A21="","",A21/Calculator!$B$27) | C21: =IF(A21="","",Calculator!$B$27-A21) | D21: =IF(A21="","",(Calculator!$B$11+C21)*Calculator!$B$5) | E21: =IF(A21="","",IF(Calculator!$B$17=1,ROUNDUP(D21*Calculator!$B$8/3600/Calculator!$B$24-0.000000001,0),D21*Calculator!$B$8/3600/Calculator!$B$24)) | F21: =IF(A21="","",IF(Calculator!$B$16=1,Calculator!$B$27,A21)*Calculator!$B$5*Calculator!$B$15) | G21: =IF(A21="","",E21*Calculator!$B$6+Calculator!$C$37+F21+Calculator!$B$30) | H21: =IF(A21="","",Calculator!$B$40-G21) | I21: =IF(A21="","",A21*Calculator!$B$5*Calculator!$B$8/3600) | J21: =IF(A21="","",Calculator!$B$35-E21)
A22: =IF(20/1000<=Calculator!$B$27+0.0000001,20/1000,"") | B22: =IF(A22="","",A22/Calculator!$B$27) | C22: =IF(A22="","",Calculator!$B$27-A22) | D22: =IF(A22="","",(Calculator!$B$11+C22)*Calculator!$B$5) | E22: =IF(A22="","",IF(Calculator!$B$17=1,ROUNDUP(D22*Calculator!$B$8/3600/Calculator!$B$24-0.000000001,0),D22*Calculator!$B$8/3600/Calculator!$B$24)) | F22: =IF(A22="","",IF(Calculator!$B$16=1,Calculator!$B$27,A22)*Calculator!$B$5*Calculator!$B$15) | G22: =IF(A22="","",E22*Calculator!$B$6+Calculator!$C$37+F22+Calculator!$B$30) | H22: =IF(A22="","",Calculator!$B$40-G22) | I22: =IF(A22="","",A22*Calculator!$B$5*Calculator!$B$8/3600) | J22: =IF(A22="","",Calculator!$B$35-E22)
A23: =IF(21/1000<=Calculator!$B$27+0.0000001,21/1000,"") | B23: =IF(A23="","",A23/Calculator!$B$27) | C23: =IF(A23="","",Calculator!$B$27-A23) | D23: =IF(A23="","",(Calculator!$B$11+C23)*Calculator!$B$5) | E23: =IF(A23="","",IF(Calculator!$B$17=1,ROUNDUP(D23*Calculator!$B$8/3600/Calculator!$B$24-0.000000001,0),D23*Calculator!$B$8/3600/Calculator!$B$24)) | F23: =IF(A23="","",IF(Calculator!$B$16=1,Calculator!$B$27,A23)*Calculator!$B$5*Calculator!$B$15) | G23: =IF(A23="","",E23*Calculator!$B$6+Calculator!$C$37+F23+Calculator!$B$30) | H23: =IF(A23="","",Calculator!$B$40-G23) | I23: =IF(A23="","",A23*Calculator!$B$5*Calculator!$B$8/3600) | J23: =IF(A23="","",Calculator!$B$35-E23)
A24: =IF(22/1000<=Calculator!$B$27+0.0000001,22/1000,"") | B24: =IF(A24="","",A24/Calculator!$B$27) | C24: =IF(A24="","",Calculator!$B$27-A24) | D24: =IF(A24="","",(Calculator!$B$11+C24)*Calculator!$B$5) | E24: =IF(A24="","",IF(Calculator!$B$17=1,ROUNDUP(D24*Calculator!$B$8/3600/Calculator!$B$24-0.000000001,0),D24*Calculator!$B$8/3600/Calculator!$B$24)) | F24: =IF(A24="","",IF(Calculator!$B$16=1,Calculator!$B$27,A24)*Calculator!$B$5*Calculator!$B$15) | G24: =IF(A24="","",E24*Calculator!$B$6+Calculator!$C$37+F24+Calculator!$B$30) | H24: =IF(A24="","",Calculator!$B$40-G24) | I24: =IF(A24="","",A24*Calculator!$B$5*Calculator!$B$8/3600) | J24: =IF(A24="","",Calculator!$B$35-E24)
A25: =IF(23/1000<=Calculator!$B$27+0.0000001,23/1000,"") | B25: =IF(A25="","",A25/Calculator!$B$27) | C25: =IF(A25="","",Calculator!$B$27-A25) | D25: =IF(A25="","",(Calculator!$B$11+C25)*Calculator!$B$5) | E25: =IF(A25="","",IF(Calculator!$B$17=1,ROUNDUP(D25*Calculator!$B$8/3600/Calculator!$B$24-0.000000001,0),D25*Calculator!$B$8/3600/Calculator!$B$24)) | F25: =IF(A25="","",IF(Calculator!$B$16=1,Calculator!$B$27,A25)*Calculator!$B$5*Calculator!$B$15) | G25: =IF(A25="","",E25*Calculator!$B$6+Calculator!$C$37+F25+Calculator!$B$30) | H25: =IF(A25="","",Calculator!$B$40-G25) | I25: =IF(A25="","",A25*Calculator!$B$5*Calculator!$B$8/3600) | J25: =IF(A25="","",Calculator!$B$35-E25)
A26: =IF(24/1000<=Calculator!$B$27+0.0000001,24/1000,"") | B26: =IF(A26="","",A26/Calculator!$B$27) | C26: =IF(A26="","",Calculator!$B$27-A26) | D26: =IF(A26="","",(Calculator!$B$11+C26)*Calculator!$B$5) | E26: =IF(A26="","",IF(Calculator!$B$17=1,ROUNDUP(D26*Calculator!$B$8/3600/Calculator!$B$24-0.000000001,0),D26*Calculator!$B$8/3600/Calculator!$B$24)) | F26: =IF(A26="","",IF(Calculator!$B$16=1,Calculator!$B$27,A26)*Calculator!$B$5*Calculator!$B$15) | G26: =IF(A26="","",E26*Calculator!$B$6+Calculator!$C$37+F26+Calculator!$B$30) | H26: =IF(A26="","",Calculator!$B$40-G26) | I26: =IF(A26="","",A26*Calculator!$B$5*Calculator!$B$8/3600) | J26: =IF(A26="","",Calculator!$B$35-E26)
A27: =IF(25/1000<=Calculator!$B$27+0.0000001,25/1000,"") | B27: =IF(A27="","",A27/Calculator!$B$27) | C27: =IF(A27="","",Calculator!$B$27-A27) | D27: =IF(A27="","",(Calculator!$B$11+C27)*Calculator!$B$5) | E27: =IF(A27="","",IF(Calculator!$B$17=1,ROUNDUP(D27*Calculator!$B$8/3600/Calculator!$B$24-0.000000001,0),D27*Calculator!$B$8/3600/Calculator!$B$24)) | F27: =IF(A27="","",IF(Calculator!$B$16=1,Calculator!$B$27,A27)*Calculator!$B$5*Calculator!$B$15) | G27: =IF(A27="","",E27*Calculator!$B$6+Calculator!$C$37+F27+Calculator!$B$30) | H27: =IF(A27="","",Calculator!$B$40-G27) | I27: =IF(A27="","",A27*Calculator!$B$5*Calculator!$B$8/3600) | J27: =IF(A27="","",Calculator!$B$35-E27)
A28: =IF(26/1000<=Calculator!$B$27+0.0000001,26/1000,"") | B28: =IF(A28="","",A28/Calculator!$B$27) | C28: =IF(A28="","",Calculator!$B$27-A28) | D28: =IF(A28="","",(Calculator!$B$11+C28)*Calculator!$B$5) | E28: =IF(A28="","",IF(Calculator!$B$17=1,ROUNDUP(D28*Calculator!$B$8/3600/Calculator!$B$24-0.000000001,0),D28*Calculator!$B$8/3600/Calculator!$B$24)) | F28: =IF(A28="","",IF(Calculator!$B$16=1,Calculator!$B$27,A28)*Calculator!$B$5*Calculator!$B$15) | G28: =IF(A28="","",E28*Calculator!$B$6+Calculator!$C$37+F28+Calculator!$B$30) | H28: =IF(A28="","",Calculator!$B$40-G28) | I28: =IF(A28="","",A28*Calculator!$B$5*Calculator!$B$8/3600) | J28: =IF(A28="","",Calculator!$B$35-E28)
A29: =IF(27/1000<=Calculator!$B$27+0.0000001,27/1000,"") | B29: =IF(A29="","",A29/Calculator!$B$27) | C29: =IF(A29="","",Calculator!$B$27-A29) | D29: =IF(A29="","",(Calculator!$B$11+C29)*Calculator!$B$5) | E29: =IF(A29="","",IF(Calculator!$B$17=1,ROUNDUP(D29*Calculator!$B$8/3600/Calculator!$B$24-0.000000001,0),D29*Calculator!$B$8/3600/Calculator!$B$24)) | F29: =IF(A29="","",IF(Calculator!$B$16=1,Calculator!$B$27,A29)*Calculator!$B$5*Calculator!$B$15) | G29: =IF(A29="","",E29*Calculator!$B$6+Calculator!$C$37+F29+Calculator!$B$30) | H29: =IF(A29="","",Calculator!$B$40-G29) | I29: =IF(A29="","",A29*Calculator!$B$5*Calculator!$B$8/3600) | J29: =IF(A29="","",Calculator!$B$35-E29)
A30: =IF(28/1000<=Calculator!$B$27+0.0000001,28/1000,"") | B30: =IF(A30="","",A30/Calculator!$B$27) | C30: =IF(A30="","",Calculator!$B$27-A30) | D30: =IF(A30="","",(Calculator!$B$11+C30)*Calculator!$B$5) | E30: =IF(A30="","",IF(Calculator!$B$17=1,ROUNDUP(D30*Calculator!$B$8/3600/Calculator!$B$24-0.000000001,0),D30*Calculator!$B$8/3600/Calculator!$B$24)) | F30: =IF(A30="","",IF(Calculator!$B$16=1,Calculator!$B$27,A30)*Calculator!$B$5*Calculator!$B$15) | G30: =IF(A30="","",E30*Calculator!$B$6+Calculator!$C$37+F30+Calculator!$B$30) | H30: =IF(A30="","",Calculator!$B$40-G30) | I30: =IF(A30="","",A30*Calculator!$B$5*Calculator!$B$8/3600) | J30: =IF(A30="","",Calculator!$B$35-E30)
A31: =IF(29/1000<=Calculator!$B$27+0.0000001,29/1000,"") | B31: =IF(A31="","",A31/Calculator!$B$27) | C31: =IF(A31="","",Calculator!$B$27-A31) | D31: =IF(A31="","",(Calculator!$B$11+C31)*Calculator!$B$5) | E31: =IF(A31="","",IF(Calculator!$B$17=1,ROUNDUP(D31*Calculator!$B$8/3600/Calculator!$B$24-0.000000001,0),D31*Calculator!$B$8/3600/Calculator!$B$24)) | F31: =IF(A31="","",IF(Calculator!$B$16=1,Calculator!$B$27,A31)*Calculator!$B$5*Calculator!$B$15) | G31: =IF(A31="","",E31*Calculator!$B$6+Calculator!$C$37+F31+Calculator!$B$30) | H31: =IF(A31="","",Calculator!$B$40-G31) | I31: =IF(A31="","",A31*Calculator!$B$5*Calculator!$B$8/3600) | J31: =IF(A31="","",Calculator!$B$35-E31)
A32: =IF(30/1000<=Calculator!$B$27+0.0000001,30/1000,"") | B32: =IF(A32="","",A32/Calculator!$B$27) | C32: =IF(A32="","",Calculator!$B$27-A32) | D32: =IF(A32="","",(Calculator!$B$11+C32)*Calculator!$B$5) | E32: =IF(A32="","",IF(Calculator!$B$17=1,ROUNDUP(D32*Calculator!$B$8/3600/Calculator!$B$24-0.000000001,0),D32*Calculator!$B$8/3600/Calculator!$B$24)) | F32: =IF(A32="","",IF(Calculator!$B$16=1,Calculator!$B$27,A32)*Calculator!$B$5*Calculator!$B$15) | G32: =IF(A32="","",E32*Calculator!$B$6+Calculator!$C$37+F32+Calculator!$B$30) | H32: =IF(A32="","",Calculator!$B$40-G32) | I32: =IF(A32="","",A32*Calculator!$B$5*Calculator!$B$8/3600) | J32: =IF(A32="","",Calculator!$B$35-E32)
A33: =IF(31/1000<=Calculator!$B$27+0.0000001,31/1000,"") | B33: =IF(A33="","",A33/Calculator!$B$27) | C33: =IF(A33="","",Calculator!$B$27-A33) | D33: =IF(A33="","",(Calculator!$B$11+C33)*Calculator!$B$5) | E33: =IF(A33="","",IF(Calculator!$B$17=1,ROUNDUP(D33*Calculator!$B$8/3600/Calculator!$B$24-0.000000001,0),D33*Calculator!$B$8/3600/Calculator!$B$24)) | F33: =IF(A33="","",IF(Calculator!$B$16=1,Calculator!$B$27,A33)*Calculator!$B$5*Calculator!$B$15) | G33: =IF(A33="","",E33*Calculator!$B$6+Calculator!$C$37+F33+Calculator!$B$30) | H33: =IF(A33="","",Calculator!$B$40-G33) | I33: =IF(A33="","",A33*Calculator!$B$5*Calculator!$B$8/3600) | J33: =IF(A33="","",Calculator!$B$35-E33)
A34: =IF(32/1000<=Calculator!$B$27+0.0000001,32/1000,"") | B34: =IF(A34="","",A34/Calculator!$B$27) | C34: =IF(A34="","",Calculator!$B$27-A34) | D34: =IF(A34="","",(Calculator!$B$11+C34)*Calculator!$B$5) | E34: =IF(A34="","",IF(Calculator!$B$17=1,ROUNDUP(D34*Calculator!$B$8/3600/Calculator!$B$24-0.000000001,0),D34*Calculator!$B$8/3600/Calculator!$B$24)) | F34: =IF(A34="","",IF(Calculator!$B$16=1,Calculator!$B$27,A34)*Calculator!$B$5*Calculator!$B$15) | G34: =IF(A34="","",E34*Calculator!$B$6+Calculator!$C$37+F34+Calculator!$B$30) | H34: =IF(A34="","",Calculator!$B$40-G34) | I34: =IF(A34="","",A34*Calculator!$B$5*Calculator!$B$8/3600) | J34: =IF(A34="","",Calculator!$B$35-E34)
A35: =IF(33/1000<=Calculator!$B$27+0.0000001,33/1000,"") | B35: =IF(A35="","",A35/Calculator!$B$27) | C35: =IF(A35="","",Calculator!$B$27-A35) | D35: =IF(A35="","",(Calculator!$B$11+C35)*Calculator!$B$5) | E35: =IF(A35="","",IF(Calculator!$B$17=1,ROUNDUP(D35*Calculator!$B$8/3600/Calculator!$B$24-0.000000001,0),D35*Calculator!$B$8/3600/Calculator!$B$24)) | F35: =IF(A35="","",IF(Calculator!$B$16=1,Calculator!$B$27,A35)*Calculator!$B$5*Calculator!$B$15) | G35: =IF(A35="","",E35*Calculator!$B$6+Calculator!$C$37+F35+Calculator!$B$30) | H35: =IF(A35="","",Calculator!$B$40-G35) | I35: =IF(A35="","",A35*Calculator!$B$5*Calculator!$B$8/3600) | J35: =IF(A35="","",Calculator!$B$35-E35)
A36: =IF(34/1000<=Calculator!$B$27+0.0000001,34/1000,"") | B36: =IF(A36="","",A36/Calculator!$B$27) | C36: =IF(A36="","",Calculator!$B$27-A36) | D36: =IF(A36="","",(Calculator!$B$11+C36)*Calculator!$B$5) | E36: =IF(A36="","",IF(Calculator!$B$17=1,ROUNDUP(D36*Calculator!$B$8/3600/Calculator!$B$24-0.000000001,0),D36*Calculator!$B$8/3600/Calculator!$B$24)) | F36: =IF(A36="","",IF(Calculator!$B$16=1,Calculator!$B$27,A36)*Calculator!$B$5*Calculator!$B$15) | G36: =IF(A36="","",E36*Calculator!$B$6+Calculator!$C$37+F36+Calculator!$B$30) | H36: =IF(A36="","",Calculator!$B$40-G36) | I36: =IF(A36="","",A36*Calculator!$B$5*Calculator!$B$8/3600) | J36: =IF(A36="","",Calculator!$B$35-E36)
A37: =IF(35/1000<=Calculator!$B$27+0.0000001,35/1000,"") | B37: =IF(A37="","",A37/Calculator!$B$27) | C37: =IF(A37="","",Calculator!$B$27-A37) | D37: =IF(A37="","",(Calculator!$B$11+C37)*Calculator!$B$5) | E37: =IF(A37="","",IF(Calculator!$B$17=1,ROUNDUP(D37*Calculator!$B$8/3600/Calculator!$B$24-0.000000001,0),D37*Calculator!$B$8/3600/Calculator!$B$24)) | F37: =IF(A37="","",IF(Calculator!$B$16=1,Calculator!$B$27,A37)*Calculator!$B$5*Calculator!$B$15) | G37: =IF(A37="","",E37*Calculator!$B$6+Calculator!$C$37+F37+Calculator!$B$30) | H37: =IF(A37="","",Calculator!$B$40-G37) | I37: =IF(A37="","",A37*Calculator!$B$5*Calculator!$B$8/3600) | J37: =IF(A37="","",Calculator!$B$35-E37)
A38: =IF(36/1000<=Calculator!$B$27+0.0000001,36/1000,"") | B38: =IF(A38="","",A38/Calculator!$B$27) | C38: =IF(A38="","",Calculator!$B$27-A38) | D38: =IF(A38="","",(Calculator!$B$11+C38)*Calculator!$B$5) | E38: =IF(A38="","",IF(Calculator!$B$17=1,ROUNDUP(D38*Calculator!$B$8/3600/Calculator!$B$24-0.000000001,0),D38*Calculator!$B$8/3600/Calculator!$B$24)) | F38: =IF(A38="","",IF(Calculator!$B$16=1,Calculator!$B$27,A38)*Calculator!$B$5*Calculator!$B$15) | G38: =IF(A38="","",E38*Calculator!$B$6+Calculator!$C$37+F38+Calculator!$B$30) | H38: =IF(A38="","",Calculator!$B$40-G38) | I38: =IF(A38="","",A38*Calculator!$B$5*Calculator!$B$8/3600) | J38: =IF(A38="","",Calculator!$B$35-E38)
A39: =IF(37/1000<=Calculator!$B$27+0.0000001,37/1000,"") | B39: =IF(A39="","",A39/Calculator!$B$27) | C39: =IF(A39="","",Calculator!$B$27-A39) | D39: =IF(A39="","",(Calculator!$B$11+C39)*Calculator!$B$5) | E39: =IF(A39="","",IF(Calculator!$B$17=1,ROUNDUP(D39*Calculator!$B$8/3600/Calculator!$B$24-0.000000001,0),D39*Calculator!$B$8/3600/Calculator!$B$24)) | F39: =IF(A39="","",IF(Calculator!$B$16=1,Calculator!$B$27,A39)*Calculator!$B$5*Calculator!$B$15) | G39: =IF(A39="","",E39*Calculator!$B$6+Calculator!$C$37+F39+Calculator!$B$30) | H39: =IF(A39="","",Calculator!$B$40-G39) | I39: =IF(A39="","",A39*Calculator!$B$5*Calculator!$B$8/3600) | J39: =IF(A39="","",Calculator!$B$35-E39)
A40: =IF(38/1000<=Calculator!$B$27+0.0000001,38/1000,"") | B40: =IF(A40="","",A40/Calculator!$B$27) | C40: =IF(A40="","",Calculator!$B$27-A40) | D40: =IF(A40="","",(Calculator!$B$11+C40)*Calculator!$B$5) | E40: =IF(A40="","",IF(Calculator!$B$17=1,ROUNDUP(D40*Calculator!$B$8/3600/Calculator!$B$24-0.000000001,0),D40*Calculator!$B$8/3600/Calculator!$B$24)) | F40: =IF(A40="","",IF(Calculator!$B$16=1,Calculator!$B$27,A40)*Calculator!$B$5*Calculator!$B$15) | G40: =IF(A40="","",E40*Calculator!$B$6+Calculator!$C$37+F40+Calculator!$B$30) | H40: =IF(A40="","",Calculator!$B$40-G40) | I40: =IF(A40="","",A40*Calculator!$B$5*Calculator!$B$8/3600) | J40: =IF(A40="","",Calculator!$B$35-E40)
A41: =IF(39/1000<=Calculator!$B$27+0.0000001,39/1000,"") | B41: =IF(A41="","",A41/Calculator!$B$27) | C41: =IF(A41="","",Calculator!$B$27-A41) | D41: =IF(A41="","",(Calculator!$B$11+C41)*Calculator!$B$5) | E41: =IF(A41="","",IF(Calculator!$B$17=1,ROUNDUP(D41*Calculator!$B$8/3600/Calculator!$B$24-0.000000001,0),D41*Calculator!$B$8/3600/Calculator!$B$24)) | F41: =IF(A41="","",IF(Calculator!$B$16=1,Calculator!$B$27,A41)*Calculator!$B$5*Calculator!$B$15) | G41: =IF(A41="","",E41*Calculator!$B$6+Calculator!$C$37+F41+Calculator!$B$30) | H41: =IF(A41="","",Calculator!$B$40-G41) | I41: =IF(A41="","",A41*Calculator!$B$5*Calculator!$B$8/3600) | J41: =IF(A41="","",Calculator!$B$35-E41)
A42: =IF(40/1000<=Calculator!$B$27+0.0000001,40/1000,"") | B42: =IF(A42="","",A42/Calculator!$B$27) | C42: =IF(A42="","",Calculator!$B$27-A42) | D42: =IF(A42="","",(Calculator!$B$11+C42)*Calculator!$B$5) | E42: =IF(A42="","",IF(Calculator!$B$17=1,ROUNDUP(D42*Calculator!$B$8/3600/Calculator!$B$24-0.000000001,0),D42*Calculator!$B$8/3600/Calculator!$B$24)) | F42: =IF(A42="","",IF(Calculator!$B$16=1,Calculator!$B$27,A42)*Calculator!$B$5*Calculator!$B$15) | G42: =IF(A42="","",E42*Calculator!$B$6+Calculator!$C$37+F42+Calculator!$B$30) | H42: =IF(A42="","",Calculator!$B$40-G42) | I42: =IF(A42="","",A42*Calculator!$B$5*Calculator!$B$8/3600) | J42: =IF(A42="","",Calculator!$B$35-E42)
A43: =IF(41/1000<=Calculator!$B$27+0.0000001,41/1000,"") | B43: =IF(A43="","",A43/Calculator!$B$27) | C43: =IF(A43="","",Calculator!$B$27-A43) | D43: =IF(A43="","",(Calculator!$B$11+C43)*Calculator!$B$5) | E43: =IF(A43="","",IF(Calculator!$B$17=1,ROUNDUP(D43*Calculator!$B$8/3600/Calculator!$B$24-0.000000001,0),D43*Calculator!$B$8/3600/Calculator!$B$24)) | F43: =IF(A43="","",IF(Calculator!$B$16=1,Calculator!$B$27,A43)*Calculator!$B$5*Calculator!$B$15) | G43: =IF(A43="","",E43*Calculator!$B$6+Calculator!$C$37+F43+Calculator!$B$30) | H43: =IF(A43="","",Calculator!$B$40-G43) | I43: =IF(A43="","",A43*Calculator!$B$5*Calculator!$B$8/3600) | J43: =IF(A43="","",Calculator!$B$35-E43)
A44: =IF(42/1000<=Calculator!$B$27+0.0000001,42/1000,"") | B44: =IF(A44="","",A44/Calculator!$B$27) | C44: =IF(A44="","",Calculator!$B$27-A44) | D44: =IF(A44="","",(Calculator!$B$11+C44)*Calculator!$B$5) | E44: =IF(A44="","",IF(Calculator!$B$17=1,ROUNDUP(D44*Calculator!$B$8/3600/Calculator!$B$24-0.000000001,0),D44*Calculator!$B$8/3600/Calculator!$B$24)) | F44: =IF(A44="","",IF(Calculator!$B$16=1,Calculator!$B$27,A44)*Calculator!$B$5*Calculator!$B$15) | G44: =IF(A44="","",E44*Calculator!$B$6+Calculator!$C$37+F44+Calculator!$B$30) | H44: =IF(A44="","",Calculator!$B$40-G44) | I44: =IF(A44="","",A44*Calculator!$B$5*Calculator!$B$8/3600) | J44: =IF(A44="","",Calculator!$B$35-E44)
A45: =IF(43/1000<=Calculator!$B$27+0.0000001,43/1000,"") | B45: =IF(A45="","",A45/Calculator!$B$27) | C45: =IF(A45="","",Calculator!$B$27-A45) | D45: =IF(A45="","",(Calculator!$B$11+C45)*Calculator!$B$5) | E45: =IF(A45="","",IF(Calculator!$B$17=1,ROUNDUP(D45*Calculator!$B$8/3600/Calculator!$B$24-0.000000001,0),D45*Calculator!$B$8/3600/Calculator!$B$24)) | F45: =IF(A45="","",IF(Calculator!$B$16=1,Calculator!$B$27,A45)*Calculator!$B$5*Calculator!$B$15) | G45: =IF(A45="","",E45*Calculator!$B$6+Calculator!$C$37+F45+Calculator!$B$30) | H45: =IF(A45="","",Calculator!$B$40-G45) | I45: =IF(A45="","",A45*Calculator!$B$5*Calculator!$B$8/3600) | J45: =IF(A45="","",Calculator!$B$35-E45)
A46: =IF(44/1000<=Calculator!$B$27+0.0000001,44/1000,"") | B46: =IF(A46="","",A46/Calculator!$B$27) | C46: =IF(A46="","",Calculator!$B$27-A46) | D46: =IF(A46="","",(Calculator!$B$11+C46)*Calculator!$B$5) | E46: =IF(A46="","",IF(Calculator!$B$17=1,ROUNDUP(D46*Calculator!$B$8/3600/Calculator!$B$24-0.000000001,0),D46*Calculator!$B$8/3600/Calculator!$B$24)) | F46: =IF(A46="","",IF(Calculator!$B$16=1,Calculator!$B$27,A46)*Calculator!$B$5*Calculator!$B$15) | G46: =IF(A46="","",E46*Calculator!$B$6+Calculator!$C$37+F46+Calculator!$B$30) | H46: =IF(A46="","",Calculator!$B$40-G46) | I46: =IF(A46="","",A46*Calculator!$B$5*Calculator!$B$8/3600) | J46: =IF(A46="","",Calculator!$B$35-E46)
A47: =IF(45/1000<=Calculator!$B$27+0.0000001,45/1000,"") | B47: =IF(A47="","",A47/Calculator!$B$27) | C47: =IF(A47="","",Calculator!$B$27-A47) | D47: =IF(A47="","",(Calculator!$B$11+C47)*Calculator!$B$5) | E47: =IF(A47="","",IF(Calculator!$B$17=1,ROUNDUP(D47*Calculator!$B$8/3600/Calculator!$B$24-0.000000001,0),D47*Calculator!$B$8/3600/Calculator!$B$24)) | F47: =IF(A47="","",IF(Calculator!$B$16=1,Calculator!$B$27,A47)*Calculator!$B$5*Calculator!$B$15) | G47: =IF(A47="","",E47*Calculator!$B$6+Calculator!$C$37+F47+Calculator!$B$30) | H47: =IF(A47="","",Calculator!$B$40-G47) | I47: =IF(A47="","",A47*Calculator!$B$5*Calculator!$B$8/3600) | J47: =IF(A47="","",Calculator!$B$35-E47)
A48: =IF(46/1000<=Calculator!$B$27+0.0000001,46/1000,"") | B48: =IF(A48="","",A48/Calculator!$B$27) | C48: =IF(A48="","",Calculator!$B$27-A48) | D48: =IF(A48="","",(Calculator!$B$11+C48)*Calculator!$B$5) | E48: =IF(A48="","",IF(Calculator!$B$17=1,ROUNDUP(D48*Calculator!$B$8/3600/Calculator!$B$24-0.000000001,0),D48*Calculator!$B$8/3600/Calculator!$B$24)) | F48: =IF(A48="","",IF(Calculator!$B$16=1,Calculator!$B$27,A48)*Calculator!$B$5*Calculator!$B$15) | G48: =IF(A48="","",E48*Calculator!$B$6+Calculator!$C$37+F48+Calculator!$B$30) | H48: =IF(A48="","",Calculator!$B$40-G48) | I48: =IF(A48="","",A48*Calculator!$B$5*Calculator!$B$8/3600) | J48: =IF(A48="","",Calculator!$B$35-E48)
A49: =IF(47/1000<=Calculator!$B$27+0.0000001,47/1000,"") | B49: =IF(A49="","",A49/Calculator!$B$27) | C49: =IF(A49="","",Calculator!$B$27-A49) | D49: =IF(A49="","",(Calculator!$B$11+C49)*Calculator!$B$5) | E49: =IF(A49="","",IF(Calculator!$B$17=1,ROUNDUP(D49*Calculator!$B$8/3600/Calculator!$B$24-0.000000001,0),D49*Calculator!$B$8/3600/Calculator!$B$24)) | F49: =IF(A49="","",IF(Calculator!$B$16=1,Calculator!$B$27,A49)*Calculator!$B$5*Calculator!$B$15) | G49: =IF(A49="","",E49*Calculator!$B$6+Calculator!$C$37+F49+Calculator!$B$30) | H49: =IF(A49="","",Calculator!$B$40-G49) | I49: =IF(A49="","",A49*Calculator!$B$5*Calculator!$B$8/3600) | J49: =IF(A49="","",Calculator!$B$35-E49)
A50: =IF(48/1000<=Calculator!$B$27+0.0000001,48/1000,"") | B50: =IF(A50="","",A50/Calculator!$B$27) | C50: =IF(A50="","",Calculator!$B$27-A50) | D50: =IF(A50="","",(Calculator!$B$11+C50)*Calculator!$B$5) | E50: =IF(A50="","",IF(Calculator!$B$17=1,ROUNDUP(D50*Calculator!$B$8/3600/Calculator!$B$24-0.000000001,0),D50*Calculator!$B$8/3600/Calculator!$B$24)) | F50: =IF(A50="","",IF(Calculator!$B$16=1,Calculator!$B$27,A50)*Calculator!$B$5*Calculator!$B$15) | G50: =IF(A50="","",E50*Calculator!$B$6+Calculator!$C$37+F50+Calculator!$B$30) | H50: =IF(A50="","",Calculator!$B$40-G50) | I50: =IF(A50="","",A50*Calculator!$B$5*Calculator!$B$8/3600) | J50: =IF(A50="","",Calculator!$B$35-E50)
A51: =IF(49/1000<=Calculator!$B$27+0.0000001,49/1000,"") | B51: =IF(A51="","",A51/Calculator!$B$27) | C51: =IF(A51="","",Calculator!$B$27-A51) | D51: =IF(A51="","",(Calculator!$B$11+C51)*Calculator!$B$5) | E51: =IF(A51="","",IF(Calculator!$B$17=1,ROUNDUP(D51*Calculator!$B$8/3600/Calculator!$B$24-0.000000001,0),D51*Calculator!$B$8/3600/Calculator!$B$24)) | F51: =IF(A51="","",IF(Calculator!$B$16=1,Calculator!$B$27,A51)*Calculator!$B$5*Calculator!$B$15) | G51: =IF(A51="","",E51*Calculator!$B$6+Calculator!$C$37+F51+Calculator!$B$30) | H51: =IF(A51="","",Calculator!$B$40-G51) | I51: =IF(A51="","",A51*Calculator!$B$5*Calculator!$B$8/3600) | J51: =IF(A51="","",Calculator!$B$35-E51)
A52: =IF(50/1000<=Calculator!$B$27+0.0000001,50/1000,"") | B52: =IF(A52="","",A52/Calculator!$B$27) | C52: =IF(A52="","",Calculator!$B$27-A52) | D52: =IF(A52="","",(Calculator!$B$11+C52)*Calculator!$B$5) | E52: =IF(A52="","",IF(Calculator!$B$17=1,ROUNDUP(D52*Calculator!$B$8/3600/Calculator!$B$24-0.000000001,0),D52*Calculator!$B$8/3600/Calculator!$B$24)) | F52: =IF(A52="","",IF(Calculator!$B$16=1,Calculator!$B$27,A52)*Calculator!$B$5*Calculator!$B$15) | G52: =IF(A52="","",E52*Calculator!$B$6+Calculator!$C$37+F52+Calculator!$B$30) | H52: =IF(A52="","",Calculator!$B$40-G52) | I52: =IF(A52="","",A52*Calculator!$B$5*Calculator!$B$8/3600) | J52: =IF(A52="","",Calculator!$B$35-E52)
A53: =IF(51/1000<=Calculator!$B$27+0.0000001,51/1000,"") | B53: =IF(A53="","",A53/Calculator!$B$27) | C53: =IF(A53="","",Calculator!$B$27-A53) | D53: =IF(A53="","",(Calculator!$B$11+C53)*Calculator!$B$5) | E53: =IF(A53="","",IF(Calculator!$B$17=1,ROUNDUP(D53*Calculator!$B$8/3600/Calculator!$B$24-0.000000001,0),D53*Calculator!$B$8/3600/Calculator!$B$24)) | F53: =IF(A53="","",IF(Calculator!$B$16=1,Calculator!$B$27,A53)*Calculator!$B$5*Calculator!$B$15) | G53: =IF(A53="","",E53*Calculator!$B$6+Calculator!$C$37+F53+Calculator!$B$30) | H53: =IF(A53="","",Calculator!$B$40-G53) | I53: =IF(A53="","",A53*Calculator!$B$5*Calculator!$B$8/3600) | J53: =IF(A53="","",Calculator!$B$35-E53)
A54: =IF(52/1000<=Calculator!$B$27+0.0000001,52/1000,"") | B54: =IF(A54="","",A54/Calculator!$B$27) | C54: =IF(A54="","",Calculator!$B$27-A54) | D54: =IF(A54="","",(Calculator!$B$11+C54)*Calculator!$B$5) | E54: =IF(A54="","",IF(Calculator!$B$17=1,ROUNDUP(D54*Calculator!$B$8/3600/Calculator!$B$24-0.000000001,0),D54*Calculator!$B$8/3600/Calculator!$B$24)) | F54: =IF(A54="","",IF(Calculator!$B$16=1,Calculator!$B$27,A54)*Calculator!$B$5*Calculator!$B$15) | G54: =IF(A54="","",E54*Calculator!$B$6+Calculator!$C$37+F54+Calculator!$B$30) | H54: =IF(A54="","",Calculator!$B$40-G54) | I54: =IF(A54="","",A54*Calculator!$B$5*Calculator!$B$8/3600) | J54: =IF(A54="","",Calculator!$B$35-E54)
A55: =IF(53/1000<=Calculator!$B$27+0.0000001,53/1000,"") | B55: =IF(A55="","",A55/Calculator!$B$27) | C55: =IF(A55="","",Calculator!$B$27-A55) | D55: =IF(A55="","",(Calculator!$B$11+C55)*Calculator!$B$5) | E55: =IF(A55="","",IF(Calculator!$B$17=1,ROUNDUP(D55*Calculator!$B$8/3600/Calculator!$B$24-0.000000001,0),D55*Calculator!$B$8/3600/Calculator!$B$24)) | F55: =IF(A55="","",IF(Calculator!$B$16=1,Calculator!$B$27,A55)*Calculator!$B$5*Calculator!$B$15) | G55: =IF(A55="","",E55*Calculator!$B$6+Calculator!$C$37+F55+Calculator!$B$30) | H55: =IF(A55="","",Calculator!$B$40-G55) | I55: =IF(A55="","",A55*Calculator!$B$5*Calculator!$B$8/3600) | J55: =IF(A55="","",Calculator!$B$35-E55)
A56: =IF(54/1000<=Calculator!$B$27+0.0000001,54/1000,"") | B56: =IF(A56="","",A56/Calculator!$B$27) | C56: =IF(A56="","",Calculator!$B$27-A56) | D56: =IF(A56="","",(Calculator!$B$11+C56)*Calculator!$B$5) | E56: =IF(A56="","",IF(Calculator!$B$17=1,ROUNDUP(D56*Calculator!$B$8/3600/Calculator!$B$24-0.000000001,0),D56*Calculator!$B$8/3600/Calculator!$B$24)) | F56: =IF(A56="","",IF(Calculator!$B$16=1,Calculator!$B$27,A56)*Calculator!$B$5*Calculator!$B$15) | G56: =IF(A56="","",E56*Calculator!$B$6+Calculator!$C$37+F56+Calculator!$B$30) | H56: =IF(A56="","",Calculator!$B$40-G56) | I56: =IF(A56="","",A56*Calculator!$B$5*Calculator!$B$8/3600) | J56: =IF(A56="","",Calculator!$B$35-E56)
A57: =IF(55/1000<=Calculator!$B$27+0.0000001,55/1000,"") | B57: =IF(A57="","",A57/Calculator!$B$27) | C57: =IF(A57="","",Calculator!$B$27-A57) | D57: =IF(A57="","",(Calculator!$B$11+C57)*Calculator!$B$5) | E57: =IF(A57="","",IF(Calculator!$B$17=1,ROUNDUP(D57*Calculator!$B$8/3600/Calculator!$B$24-0.000000001,0),D57*Calculator!$B$8/3600/Calculator!$B$24)) | F57: =IF(A57="","",IF(Calculator!$B$16=1,Calculator!$B$27,A57)*Calculator!$B$5*Calculator!$B$15) | G57: =IF(A57="","",E57*Calculator!$B$6+Calculator!$C$37+F57+Calculator!$B$30) | H57: =IF(A57="","",Calculator!$B$40-G57) | I57: =IF(A57="","",A57*Calculator!$B$5*Calculator!$B$8/3600) | J57: =IF(A57="","",Calculator!$B$35-E57)
A58: =IF(56/1000<=Calculator!$B$27+0.0000001,56/1000,"") | B58: =IF(A58="","",A58/Calculator!$B$27) | C58: =IF(A58="","",Calculator!$B$27-A58) | D58: =IF(A58="","",(Calculator!$B$11+C58)*Calculator!$B$5) | E58: =IF(A58="","",IF(Calculator!$B$17=1,ROUNDUP(D58*Calculator!$B$8/3600/Calculator!$B$24-0.000000001,0),D58*Calculator!$B$8/3600/Calculator!$B$24)) | F58: =IF(A58="","",IF(Calculator!$B$16=1,Calculator!$B$27,A58)*Calculator!$B$5*Calculator!$B$15) | G58: =IF(A58="","",E58*Calculator!$B$6+Calculator!$C$37+F58+Calculator!$B$30) | H58: =IF(A58="","",Calculator!$B$40-G58) | I58: =IF(A58="","",A58*Calculator!$B$5*Calculator!$B$8/3600) | J58: =IF(A58="","",Calculator!$B$35-E58)
A59: =IF(57/1000<=Calculator!$B$27+0.0000001,57/1000,"") | B59: =IF(A59="","",A59/Calculator!$B$27) | C59: =IF(A59="","",Calculator!$B$27-A59) | D59: =IF(A59="","",(Calculator!$B$11+C59)*Calculator!$B$5) | E59: =IF(A59="","",IF(Calculator!$B$17=1,ROUNDUP(D59*Calculator!$B$8/3600/Calculator!$B$24-0.000000001,0),D59*Calculator!$B$8/3600/Calculator!$B$24)) | F59: =IF(A59="","",IF(Calculator!$B$16=1,Calculator!$B$27,A59)*Calculator!$B$5*Calculator!$B$15) | G59: =IF(A59="","",E59*Calculator!$B$6+Calculator!$C$37+F59+Calculator!$B$30) | H59: =IF(A59="","",Calculator!$B$40-G59) | I59: =IF(A59="","",A59*Calculator!$B$5*Calculator!$B$8/3600) | J59: =IF(A59="","",Calculator!$B$35-E59)
A60: =IF(58/1000<=Calculator!$B$27+0.0000001,58/1000,"") | B60: =IF(A60="","",A60/Calculator!$B$27) | C60: =IF(A60="","",Calculator!$B$27-A60) | D60: =IF(A60="","",(Calculator!$B$11+C60)*Calculator!$B$5) | E60: =IF(A60="","",IF(Calculator!$B$17=1,ROUNDUP(D60*Calculator!$B$8/3600/Calculator!$B$24-0.000000001,0),D60*Calculator!$B$8/3600/Calculator!$B$24)) | F60: =IF(A60="","",IF(Calculator!$B$16=1,Calculator!$B$27,A60)*Calculator!$B$5*Calculator!$B$15) | G60: =IF(A60="","",E60*Calculator!$B$6+Calculator!$C$37+F60+Calculator!$B$30) | H60: =IF(A60="","",Calculator!$B$40-G60) | I60: =IF(A60="","",A60*Calculator!$B$5*Calculator!$B$8/3600) | J60: =IF(A60="","",Calculator!$B$35-E60)
A61: =IF(59/1000<=Calculator!$B$27+0.0000001,59/1000,"") | B61: =IF(A61="","",A61/Calculator!$B$27) | C61: =IF(A61="","",Calculator!$B$27-A61) | D61: =IF(A61="","",(Calculator!$B$11+C61)*Calculator!$B$5) | E61: =IF(A61="","",IF(Calculator!$B$17=1,ROUNDUP(D61*Calculator!$B$8/3600/Calculator!$B$24-0.000000001,0),D61*Calculator!$B$8/3600/Calculator!$B$24)) | F61: =IF(A61="","",IF(Calculator!$B$16=1,Calculator!$B$27,A61)*Calculator!$B$5*Calculator!$B$15) | G61: =IF(A61="","",E61*Calculator!$B$6+Calculator!$C$37+F61+Calculator!$B$30) | H61: =IF(A61="","",Calculator!$B$40-G61) | I61: =IF(A61="","",A61*Calculator!$B$5*Calculator!$B$8/3600) | J61: =IF(A61="","",Calculator!$B$35-E61)
A62: =IF(60/1000<=Calculator!$B$27+0.0000001,60/1000,"") | B62: =IF(A62="","",A62/Calculator!$B$27) | C62: =IF(A62="","",Calculator!$B$27-A62) | D62: =IF(A62="","",(Calculator!$B$11+C62)*Calculator!$B$5) | E62: =IF(A62="","",IF(Calculator!$B$17=1,ROUNDUP(D62*Calculator!$B$8/3600/Calculator!$B$24-0.000000001,0),D62*Calculator!$B$8/3600/Calculator!$B$24)) | F62: =IF(A62="","",IF(Calculator!$B$16=1,Calculator!$B$27,A62)*Calculator!$B$5*Calculator!$B$15) | G62: =IF(A62="","",E62*Calculator!$B$6+Calculator!$C$37+F62+Calculator!$B$30) | H62: =IF(A62="","",Calculator!$B$40-G62) | I62: =IF(A62="","",A62*Calculator!$B$5*Calculator!$B$8/3600) | J62: =IF(A62="","",Calculator!$B$35-E62)
A63: =IF(61/1000<=Calculator!$B$27+0.0000001,61/1000,"") | B63: =IF(A63="","",A63/Calculator!$B$27) | C63: =IF(A63="","",Calculator!$B$27-A63) | D63: =IF(A63="","",(Calculator!$B$11+C63)*Calculator!$B$5) | E63: =IF(A63="","",IF(Calculator!$B$17=1,ROUNDUP(D63*Calculator!$B$8/3600/Calculator!$B$24-0.000000001,0),D63*Calculator!$B$8/3600/Calculator!$B$24)) | F63: =IF(A63="","",IF(Calculator!$B$16=1,Calculator!$B$27,A63)*Calculator!$B$5*Calculator!$B$15) | G63: =IF(A63="","",E63*Calculator!$B$6+Calculator!$C$37+F63+Calculator!$B$30) | H63: =IF(A63="","",Calculator!$B$40-G63) | I63: =IF(A63="","",A63*Calculator!$B$5*Calculator!$B$8/3600) | J63: =IF(A63="","",Calculator!$B$35-E63)
A64: =IF(62/1000<=Calculator!$B$27+0.0000001,62/1000,"") | B64: =IF(A64="","",A64/Calculator!$B$27) | C64: =IF(A64="","",Calculator!$B$27-A64) | D64: =IF(A64="","",(Calculator!$B$11+C64)*Calculator!$B$5) | E64: =IF(A64="","",IF(Calculator!$B$17=1,ROUNDUP(D64*Calculator!$B$8/3600/Calculator!$B$24-0.000000001,0),D64*Calculator!$B$8/3600/Calculator!$B$24)) | F64: =IF(A64="","",IF(Calculator!$B$16=1,Calculator!$B$27,A64)*Calculator!$B$5*Calculator!$B$15) | G64: =IF(A64="","",E64*Calculator!$B$6+Calculator!$C$37+F64+Calculator!$B$30) | H64: =IF(A64="","",Calculator!$B$40-G64) | I64: =IF(A64="","",A64*Calculator!$B$5*Calculator!$B$8/3600) | J64: =IF(A64="","",Calculator!$B$35-E64)
A65: =IF(63/1000<=Calculator!$B$27+0.0000001,63/1000,"") | B65: =IF(A65="","",A65/Calculator!$B$27) | C65: =IF(A65="","",Calculator!$B$27-A65) | D65: =IF(A65="","",(Calculator!$B$11+C65)*Calculator!$B$5) | E65: =IF(A65="","",IF(Calculator!$B$17=1,ROUNDUP(D65*Calculator!$B$8/3600/Calculator!$B$24-0.000000001,0),D65*Calculator!$B$8/3600/Calculator!$B$24)) | F65: =IF(A65="","",IF(Calculator!$B$16=1,Calculator!$B$27,A65)*Calculator!$B$5*Calculator!$B$15) | G65: =IF(A65="","",E65*Calculator!$B$6+Calculator!$C$37+F65+Calculator!$B$30) | H65: =IF(A65="","",Calculator!$B$40-G65) | I65: =IF(A65="","",A65*Calculator!$B$5*Calculator!$B$8/3600) | J65: =IF(A65="","",Calculator!$B$35-E65)
A66: =IF(64/1000<=Calculator!$B$27+0.0000001,64/1000,"") | B66: =IF(A66="","",A66/Calculator!$B$27) | C66: =IF(A66="","",Calculator!$B$27-A66) | D66: =IF(A66="","",(Calculator!$B$11+C66)*Calculator!$B$5) | E66: =IF(A66="","",IF(Calculator!$B$17=1,ROUNDUP(D66*Calculator!$B$8/3600/Calculator!$B$24-0.000000001,0),D66*Calculator!$B$8/3600/Calculator!$B$24)) | F66: =IF(A66="","",IF(Calculator!$B$16=1,Calculator!$B$27,A66)*Calculator!$B$5*Calculator!$B$15) | G66: =IF(A66="","",E66*Calculator!$B$6+Calculator!$C$37+F66+Calculator!$B$30) | H66: =IF(A66="","",Calculator!$B$40-G66) | I66: =IF(A66="","",A66*Calculator!$B$5*Calculator!$B$8/3600) | J66: =IF(A66="","",Calculator!$B$35-E66)
A67: =IF(65/1000<=Calculator!$B$27+0.0000001,65/1000,"") | B67: =IF(A67="","",A67/Calculator!$B$27) | C67: =IF(A67="","",Calculator!$B$27-A67) | D67: =IF(A67="","",(Calculator!$B$11+C67)*Calculator!$B$5) | E67: =IF(A67="","",IF(Calculator!$B$17=1,ROUNDUP(D67*Calculator!$B$8/3600/Calculator!$B$24-0.000000001,0),D67*Calculator!$B$8/3600/Calculator!$B$24)) | F67: =IF(A67="","",IF(Calculator!$B$16=1,Calculator!$B$27,A67)*Calculator!$B$5*Calculator!$B$15) | G67: =IF(A67="","",E67*Calculator!$B$6+Calculator!$C$37+F67+Calculator!$B$30) | H67: =IF(A67="","",Calculator!$B$40-G67) | I67: =IF(A67="","",A67*Calculator!$B$5*Calculator!$B$8/3600) | J67: =IF(A67="","",Calculator!$B$35-E67)
A68: =IF(66/1000<=Calculator!$B$27+0.0000001,66/1000,"") | B68: =IF(A68="","",A68/Calculator!$B$27) | C68: =IF(A68="","",Calculator!$B$27-A68) | D68: =IF(A68="","",(Calculator!$B$11+C68)*Calculator!$B$5) | E68: =IF(A68="","",IF(Calculator!$B$17=1,ROUNDUP(D68*Calculator!$B$8/3600/Calculator!$B$24-0.000000001,0),D68*Calculator!$B$8/3600/Calculator!$B$24)) | F68: =IF(A68="","",IF(Calculator!$B$16=1,Calculator!$B$27,A68)*Calculator!$B$5*Calculator!$B$15) | G68: =IF(A68="","",E68*Calculator!$B$6+Calculator!$C$37+F68+Calculator!$B$30) | H68: =IF(A68="","",Calculator!$B$40-G68) | I68: =IF(A68="","",A68*Calculator!$B$5*Calculator!$B$8/3600) | J68: =IF(A68="","",Calculator!$B$35-E68)
A69: =IF(67/1000<=Calculator!$B$27+0.0000001,67/1000,"") | B69: =IF(A69="","",A69/Calculator!$B$27) | C69: =IF(A69="","",Calculator!$B$27-A69) | D69: =IF(A69="","",(Calculator!$B$11+C69)*Calculator!$B$5) | E69: =IF(A69="","",IF(Calculator!$B$17=1,ROUNDUP(D69*Calculator!$B$8/3600/Calculator!$B$24-0.000000001,0),D69*Calculator!$B$8/3600/Calculator!$B$24)) | F69: =IF(A69="","",IF(Calculator!$B$16=1,Calculator!$B$27,A69)*Calculator!$B$5*Calculator!$B$15) | G69: =IF(A69="","",E69*Calculator!$B$6+Calculator!$C$37+F69+Calculator!$B$30) | H69: =IF(A69="","",Calculator!$B$40-G69) | I69: =IF(A69="","",A69*Calculator!$B$5*Calculator!$B$8/3600) | J69: =IF(A69="","",Calculator!$B$35-E69)
A70: =IF(68/1000<=Calculator!$B$27+0.0000001,68/1000,"") | B70: =IF(A70="","",A70/Calculator!$B$27) | C70: =IF(A70="","",Calculator!$B$27-A70) | D70: =IF(A70="","",(Calculator!$B$11+C70)*Calculator!$B$5) | E70: =IF(A70="","",IF(Calculator!$B$17=1,ROUNDUP(D70*Calculator!$B$8/3600/Calculator!$B$24-0.000000001,0),D70*Calculator!$B$8/3600/Calculator!$B$24)) | F70: =IF(A70="","",IF(Calculator!$B$16=1,Calculator!$B$27,A70)*Calculator!$B$5*Calculator!$B$15) | G70: =IF(A70="","",E70*Calculator!$B$6+Calculator!$C$37+F70+Calculator!$B$30) | H70: =IF(A70="","",Calculator!$B$40-G70) | I70: =IF(A70="","",A70*Calculator!$B$5*Calculator!$B$8/3600) | J70: =IF(A70="","",Calculator!$B$35-E70)
A71: =IF(69/1000<=Calculator!$B$27+0.0000001,69/1000,"") | B71: =IF(A71="","",A71/Calculator!$B$27) | C71: =IF(A71="","",Calculator!$B$27-A71) | D71: =IF(A71="","",(Calculator!$B$11+C71)*Calculator!$B$5) | E71: =IF(A71="","",IF(Calculator!$B$17=1,ROUNDUP(D71*Calculator!$B$8/3600/Calculator!$B$24-0.000000001,0),D71*Calculator!$B$8/3600/Calculator!$B$24)) | F71: =IF(A71="","",IF(Calculator!$B$16=1,Calculator!$B$27,A71)*Calculator!$B$5*Calculator!$B$15) | G71: =IF(A71="","",E71*Calculator!$B$6+Calculator!$C$37+F71+Calculator!$B$30) | H71: =IF(A71="","",Calculator!$B$40-G71) | I71: =IF(A71="","",A71*Calculator!$B$5*Calculator!$B$8/3600) | J71: =IF(A71="","",Calculator!$B$35-E71)
A72: =IF(70/1000<=Calculator!$B$27+0.0000001,70/1000,"") | B72: =IF(A72="","",A72/Calculator!$B$27) | C72: =IF(A72="","",Calculator!$B$27-A72) | D72: =IF(A72="","",(Calculator!$B$11+C72)*Calculator!$B$5) | E72: =IF(A72="","",IF(Calculator!$B$17=1,ROUNDUP(D72*Calculator!$B$8/3600/Calculator!$B$24-0.000000001,0),D72*Calculator!$B$8/3600/Calculator!$B$24)) | F72: =IF(A72="","",IF(Calculator!$B$16=1,Calculator!$B$27,A72)*Calculator!$B$5*Calculator!$B$15) | G72: =IF(A72="","",E72*Calculator!$B$6+Calculator!$C$37+F72+Calculator!$B$30) | H72: =IF(A72="","",Calculator!$B$40-G72) | I72: =IF(A72="","",A72*Calculator!$B$5*Calculator!$B$8/3600) | J72: =IF(A72="","",Calculator!$B$35-E72)
A73: =IF(71/1000<=Calculator!$B$27+0.0000001,71/1000,"") | B73: =IF(A73="","",A73/Calculator!$B$27) | C73: =IF(A73="","",Calculator!$B$27-A73) | D73: =IF(A73="","",(Calculator!$B$11+C73)*Calculator!$B$5) | E73: =IF(A73="","",IF(Calculator!$B$17=1,ROUNDUP(D73*Calculator!$B$8/3600/Calculator!$B$24-0.000000001,0),D73*Calculator!$B$8/3600/Calculator!$B$24)) | F73: =IF(A73="","",IF(Calculator!$B$16=1,Calculator!$B$27,A73)*Calculator!$B$5*Calculator!$B$15) | G73: =IF(A73="","",E73*Calculator!$B$6+Calculator!$C$37+F73+Calculator!$B$30) | H73: =IF(A73="","",Calculator!$B$40-G73) | I73: =IF(A73="","",A73*Calculator!$B$5*Calculator!$B$8/3600) | J73: =IF(A73="","",Calculator!$B$35-E73)
A74: =IF(72/1000<=Calculator!$B$27+0.0000001,72/1000,"") | B74: =IF(A74="","",A74/Calculator!$B$27) | C74: =IF(A74="","",Calculator!$B$27-A74) | D74: =IF(A74="","",(Calculator!$B$11+C74)*Calculator!$B$5) | E74: =IF(A74="","",IF(Calculator!$B$17=1,ROUNDUP(D74*Calculator!$B$8/3600/Calculator!$B$24-0.000000001,0),D74*Calculator!$B$8/3600/Calculator!$B$24)) | F74: =IF(A74="","",IF(Calculator!$B$16=1,Calculator!$B$27,A74)*Calculator!$B$5*Calculator!$B$15) | G74: =IF(A74="","",E74*Calculator!$B$6+Calculator!$C$37+F74+Calculator!$B$30) | H74: =IF(A74="","",Calculator!$B$40-G74) | I74: =IF(A74="","",A74*Calculator!$B$5*Calculator!$B$8/3600) | J74: =IF(A74="","",Calculator!$B$35-E74)
A75: =IF(73/1000<=Calculator!$B$27+0.0000001,73/1000,"") | B75: =IF(A75="","",A75/Calculator!$B$27) | C75: =IF(A75="","",Calculator!$B$27-A75) | D75: =IF(A75="","",(Calculator!$B$11+C75)*Calculator!$B$5) | E75: =IF(A75="","",IF(Calculator!$B$17=1,ROUNDUP(D75*Calculator!$B$8/3600/Calculator!$B$24-0.000000001,0),D75*Calculator!$B$8/3600/Calculator!$B$24)) | F75: =IF(A75="","",IF(Calculator!$B$16=1,Calculator!$B$27,A75)*Calculator!$B$5*Calculator!$B$15) | G75: =IF(A75="","",E75*Calculator!$B$6+Calculator!$C$37+F75+Calculator!$B$30) | H75: =IF(A75="","",Calculator!$B$40-G75) | I75: =IF(A75="","",A75*Calculator!$B$5*Calculator!$B$8/3600) | J75: =IF(A75="","",Calculator!$B$35-E75)
A76: =IF(74/1000<=Calculator!$B$27+0.0000001,74/1000,"") | B76: =IF(A76="","",A76/Calculator!$B$27) | C76: =IF(A76="","",Calculator!$B$27-A76) | D76: =IF(A76="","",(Calculator!$B$11+C76)*Calculator!$B$5) | E76: =IF(A76="","",IF(Calculator!$B$17=1,ROUNDUP(D76*Calculator!$B$8/3600/Calculator!$B$24-0.000000001,0),D76*Calculator!$B$8/3600/Calculator!$B$24)) | F76: =IF(A76="","",IF(Calculator!$B$16=1,Calculator!$B$27,A76)*Calculator!$B$5*Calculator!$B$15) | G76: =IF(A76="","",E76*Calculator!$B$6+Calculator!$C$37+F76+Calculator!$B$30) | H76: =IF(A76="","",Calculator!$B$40-G76) | I76: =IF(A76="","",A76*Calculator!$B$5*Calculator!$B$8/3600) | J76: =IF(A76="","",Calculator!$B$35-E76)
A77: =IF(75/1000<=Calculator!$B$27+0.0000001,75/1000,"") | B77: =IF(A77="","",A77/Calculator!$B$27) | C77: =IF(A77="","",Calculator!$B$27-A77) | D77: =IF(A77="","",(Calculator!$B$11+C77)*Calculator!$B$5) | E77: =IF(A77="","",IF(Calculator!$B$17=1,ROUNDUP(D77*Calculator!$B$8/3600/Calculator!$B$24-0.000000001,0),D77*Calculator!$B$8/3600/Calculator!$B$24)) | F77: =IF(A77="","",IF(Calculator!$B$16=1,Calculator!$B$27,A77)*Calculator!$B$5*Calculator!$B$15) | G77: =IF(A77="","",E77*Calculator!$B$6+Calculator!$C$37+F77+Calculator!$B$30) | H77: =IF(A77="","",Calculator!$B$40-G77) | I77: =IF(A77="","",A77*Calculator!$B$5*Calculator!$B$8/3600) | J77: =IF(A77="","",Calculator!$B$35-E77)
A78: =IF(76/1000<=Calculator!$B$27+0.0000001,76/1000,"") | B78: =IF(A78="","",A78/Calculator!$B$27) | C78: =IF(A78="","",Calculator!$B$27-A78) | D78: =IF(A78="","",(Calculator!$B$11+C78)*Calculator!$B$5) | E78: =IF(A78="","",IF(Calculator!$B$17=1,ROUNDUP(D78*Calculator!$B$8/3600/Calculator!$B$24-0.000000001,0),D78*Calculator!$B$8/3600/Calculator!$B$24)) | F78: =IF(A78="","",IF(Calculator!$B$16=1,Calculator!$B$27,A78)*Calculator!$B$5*Calculator!$B$15) | G78: =IF(A78="","",E78*Calculator!$B$6+Calculator!$C$37+F78+Calculator!$B$30) | H78: =IF(A78="","",Calculator!$B$40-G78) | I78: =IF(A78="","",A78*Calculator!$B$5*Calculator!$B$8/3600) | J78: =IF(A78="","",Calculator!$B$35-E78)
A79: =IF(77/1000<=Calculator!$B$27+0.0000001,77/1000,"") | B79: =IF(A79="","",A79/Calculator!$B$27) | C79: =IF(A79="","",Calculator!$B$27-A79) | D79: =IF(A79="","",(Calculator!$B$11+C79)*Calculator!$B$5) | E79: =IF(A79="","",IF(Calculator!$B$17=1,ROUNDUP(D79*Calculator!$B$8/3600/Calculator!$B$24-0.000000001,0),D79*Calculator!$B$8/3600/Calculator!$B$24)) | F79: =IF(A79="","",IF(Calculator!$B$16=1,Calculator!$B$27,A79)*Calculator!$B$5*Calculator!$B$15) | G79: =IF(A79="","",E79*Calculator!$B$6+Calculator!$C$37+F79+Calculator!$B$30) | H79: =IF(A79="","",Calculator!$B$40-G79) | I79: =IF(A79="","",A79*Calculator!$B$5*Calculator!$B$8/3600) | J79: =IF(A79="","",Calculator!$B$35-E79)
A80: =IF(78/1000<=Calculator!$B$27+0.0000001,78/1000,"") | B80: =IF(A80="","",A80/Calculator!$B$27) | C80: =IF(A80="","",Calculator!$B$27-A80) | D80: =IF(A80="","",(Calculator!$B$11+C80)*Calculator!$B$5) | E80: =IF(A80="","",IF(Calculator!$B$17=1,ROUNDUP(D80*Calculator!$B$8/3600/Calculator!$B$24-0.000000001,0),D80*Calculator!$B$8/3600/Calculator!$B$24)) | F80: =IF(A80="","",IF(Calculator!$B$16=1,Calculator!$B$27,A80)*Calculator!$B$5*Calculator!$B$15) | G80: =IF(A80="","",E80*Calculator!$B$6+Calculator!$C$37+F80+Calculator!$B$30) | H80: =IF(A80="","",Calculator!$B$40-G80) | I80: =IF(A80="","",A80*Calculator!$B$5*Calculator!$B$8/3600) | J80: =IF(A80="","",Calculator!$B$35-E80)
A81: =IF(79/1000<=Calculator!$B$27+0.0000001,79/1000,"") | B81: =IF(A81="","",A81/Calculator!$B$27) | C81: =IF(A81="","",Calculator!$B$27-A81) | D81: =IF(A81="","",(Calculator!$B$11+C81)*Calculator!$B$5) | E81: =IF(A81="","",IF(Calculator!$B$17=1,ROUNDUP(D81*Calculator!$B$8/3600/Calculator!$B$24-0.000000001,0),D81*Calculator!$B$8/3600/Calculator!$B$24)) | F81: =IF(A81="","",IF(Calculator!$B$16=1,Calculator!$B$27,A81)*Calculator!$B$5*Calculator!$B$15) | G81: =IF(A81="","",E81*Calculator!$B$6+Calculator!$C$37+F81+Calculator!$B$30) | H81: =IF(A81="","",Calculator!$B$40-G81) | I81: =IF(A81="","",A81*Calculator!$B$5*Calculator!$B$8/3600) | J81: =IF(A81="","",Calculator!$B$35-E81)
A82: =IF(80/1000<=Calculator!$B$27+0.0000001,80/1000,"") | B82: =IF(A82="","",A82/Calculator!$B$27) | C82: =IF(A82="","",Calculator!$B$27-A82) | D82: =IF(A82="","",(Calculator!$B$11+C82)*Calculator!$B$5) | E82: =IF(A82="","",IF(Calculator!$B$17=1,ROUNDUP(D82*Calculator!$B$8/3600/Calculator!$B$24-0.000000001,0),D82*Calculator!$B$8/3600/Calculator!$B$24)) | F82: =IF(A82="","",IF(Calculator!$B$16=1,Calculator!$B$27,A82)*Calculator!$B$5*Calculator!$B$15) | G82: =IF(A82="","",E82*Calculator!$B$6+Calculator!$C$37+F82+Calculator!$B$30) | H82: =IF(A82="","",Calculator!$B$40-G82) | I82: =IF(A82="","",A82*Calculator!$B$5*Calculator!$B$8/3600) | J82: =IF(A82="","",Calculator!$B$35-E82)
A83: =IF(81/1000<=Calculator!$B$27+0.0000001,81/1000,"") | B83: =IF(A83="","",A83/Calculator!$B$27) | C83: =IF(A83="","",Calculator!$B$27-A83) | D83: =IF(A83="","",(Calculator!$B$11+C83)*Calculator!$B$5) | E83: =IF(A83="","",IF(Calculator!$B$17=1,ROUNDUP(D83*Calculator!$B$8/3600/Calculator!$B$24-0.000000001,0),D83*Calculator!$B$8/3600/Calculator!$B$24)) | F83: =IF(A83="","",IF(Calculator!$B$16=1,Calculator!$B$27,A83)*Calculator!$B$5*Calculator!$B$15) | G83: =IF(A83="","",E83*Calculator!$B$6+Calculator!$C$37+F83+Calculator!$B$30) | H83: =IF(A83="","",Calculator!$B$40-G83) | I83: =IF(A83="","",A83*Calculator!$B$5*Calculator!$B$8/3600) | J83: =IF(A83="","",Calculator!$B$35-E83)
A84: =IF(82/1000<=Calculator!$B$27+0.0000001,82/1000,"") | B84: =IF(A84="","",A84/Calculator!$B$27) | C84: =IF(A84="","",Calculator!$B$27-A84) | D84: =IF(A84="","",(Calculator!$B$11+C84)*Calculator!$B$5) | E84: =IF(A84="","",IF(Calculator!$B$17=1,ROUNDUP(D84*Calculator!$B$8/3600/Calculator!$B$24-0.000000001,0),D84*Calculator!$B$8/3600/Calculator!$B$24)) | F84: =IF(A84="","",IF(Calculator!$B$16=1,Calculator!$B$27,A84)*Calculator!$B$5*Calculator!$B$15) | G84: =IF(A84="","",E84*Calculator!$B$6+Calculator!$C$37+F84+Calculator!$B$30) | H84: =IF(A84="","",Calculator!$B$40-G84) | I84: =IF(A84="","",A84*Calculator!$B$5*Calculator!$B$8/3600) | J84: =IF(A84="","",Calculator!$B$35-E84)
A85: =IF(83/1000<=Calculator!$B$27+0.0000001,83/1000,"") | B85: =IF(A85="","",A85/Calculator!$B$27) | C85: =IF(A85="","",Calculator!$B$27-A85) | D85: =IF(A85="","",(Calculator!$B$11+C85)*Calculator!$B$5) | E85: =IF(A85="","",IF(Calculator!$B$17=1,ROUNDUP(D85*Calculator!$B$8/3600/Calculator!$B$24-0.000000001,0),D85*Calculator!$B$8/3600/Calculator!$B$24)) | F85: =IF(A85="","",IF(Calculator!$B$16=1,Calculator!$B$27,A85)*Calculator!$B$5*Calculator!$B$15) | G85: =IF(A85="","",E85*Calculator!$B$6+Calculator!$C$37+F85+Calculator!$B$30) | H85: =IF(A85="","",Calculator!$B$40-G85) | I85: =IF(A85="","",A85*Calculator!$B$5*Calculator!$B$8/3600) | J85: =IF(A85="","",Calculator!$B$35-E85)
A86: =IF(84/1000<=Calculator!$B$27+0.0000001,84/1000,"") | B86: =IF(A86="","",A86/Calculator!$B$27) | C86: =IF(A86="","",Calculator!$B$27-A86) | D86: =IF(A86="","",(Calculator!$B$11+C86)*Calculator!$B$5) | E86: =IF(A86="","",IF(Calculator!$B$17=1,ROUNDUP(D86*Calculator!$B$8/3600/Calculator!$B$24-0.000000001,0),D86*Calculator!$B$8/3600/Calculator!$B$24)) | F86: =IF(A86="","",IF(Calculator!$B$16=1,Calculator!$B$27,A86)*Calculator!$B$5*Calculator!$B$15) | G86: =IF(A86="","",E86*Calculator!$B$6+Calculator!$C$37+F86+Calculator!$B$30) | H86: =IF(A86="","",Calculator!$B$40-G86) | I86: =IF(A86="","",A86*Calculator!$B$5*Calculator!$B$8/3600) | J86: =IF(A86="","",Calculator!$B$35-E86)
A87: =IF(85/1000<=Calculator!$B$27+0.0000001,85/1000,"") | B87: =IF(A87="","",A87/Calculator!$B$27) | C87: =IF(A87="","",Calculator!$B$27-A87) | D87: =IF(A87="","",(Calculator!$B$11+C87)*Calculator!$B$5) | E87: =IF(A87="","",IF(Calculator!$B$17=1,ROUNDUP(D87*Calculator!$B$8/3600/Calculator!$B$24-0.000000001,0),D87*Calculator!$B$8/3600/Calculator!$B$24)) | F87: =IF(A87="","",IF(Calculator!$B$16=1,Calculator!$B$27,A87)*Calculator!$B$5*Calculator!$B$15) | G87: =IF(A87="","",E87*Calculator!$B$6+Calculator!$C$37+F87+Calculator!$B$30) | H87: =IF(A87="","",Calculator!$B$40-G87) | I87: =IF(A87="","",A87*Calculator!$B$5*Calculator!$B$8/3600) | J87: =IF(A87="","",Calculator!$B$35-E87)
A88: =IF(86/1000<=Calculator!$B$27+0.0000001,86/1000,"") | B88: =IF(A88="","",A88/Calculator!$B$27) | C88: =IF(A88="","",Calculator!$B$27-A88) | D88: =IF(A88="","",(Calculator!$B$11+C88)*Calculator!$B$5) | E88: =IF(A88="","",IF(Calculator!$B$17=1,ROUNDUP(D88*Calculator!$B$8/3600/Calculator!$B$24-0.000000001,0),D88*Calculator!$B$8/3600/Calculator!$B$24)) | F88: =IF(A88="","",IF(Calculator!$B$16=1,Calculator!$B$27,A88)*Calculator!$B$5*Calculator!$B$15) | G88: =IF(A88="","",E88*Calculator!$B$6+Calculator!$C$37+F88+Calculator!$B$30) | H88: =IF(A88="","",Calculator!$B$40-G88) | I88: =IF(A88="","",A88*Calculator!$B$5*Calculator!$B$8/3600) | J88: =IF(A88="","",Calculator!$B$35-E88)
A89: =IF(87/1000<=Calculator!$B$27+0.0000001,87/1000,"") | B89: =IF(A89="","",A89/Calculator!$B$27) | C89: =IF(A89="","",Calculator!$B$27-A89) | D89: =IF(A89="","",(Calculator!$B$11+C89)*Calculator!$B$5) | E89: =IF(A89="","",IF(Calculator!$B$17=1,ROUNDUP(D89*Calculator!$B$8/3600/Calculator!$B$24-0.000000001,0),D89*Calculator!$B$8/3600/Calculator!$B$24)) | F89: =IF(A89="","",IF(Calculator!$B$16=1,Calculator!$B$27,A89)*Calculator!$B$5*Calculator!$B$15) | G89: =IF(A89="","",E89*Calculator!$B$6+Calculator!$C$37+F89+Calculator!$B$30) | H89: =IF(A89="","",Calculator!$B$40-G89) | I89: =IF(A89="","",A89*Calculator!$B$5*Calculator!$B$8/3600) | J89: =IF(A89="","",Calculator!$B$35-E89)
A90: =IF(88/1000<=Calculator!$B$27+0.0000001,88/1000,"") | B90: =IF(A90="","",A90/Calculator!$B$27) | C90: =IF(A90="","",Calculator!$B$27-A90) | D90: =IF(A90="","",(Calculator!$B$11+C90)*Calculator!$B$5) | E90: =IF(A90="","",IF(Calculator!$B$17=1,ROUNDUP(D90*Calculator!$B$8/3600/Calculator!$B$24-0.000000001,0),D90*Calculator!$B$8/3600/Calculator!$B$24)) | F90: =IF(A90="","",IF(Calculator!$B$16=1,Calculator!$B$27,A90)*Calculator!$B$5*Calculator!$B$15) | G90: =IF(A90="","",E90*Calculator!$B$6+Calculator!$C$37+F90+Calculator!$B$30) | H90: =IF(A90="","",Calculator!$B$40-G90) | I90: =IF(A90="","",A90*Calculator!$B$5*Calculator!$B$8/3600) | J90: =IF(A90="","",Calculator!$B$35-E90)
A91: =IF(89/1000<=Calculator!$B$27+0.0000001,89/1000,"") | B91: =IF(A91="","",A91/Calculator!$B$27) | C91: =IF(A91="","",Calculator!$B$27-A91) | D91: =IF(A91="","",(Calculator!$B$11+C91)*Calculator!$B$5) | E91: =IF(A91="","",IF(Calculator!$B$17=1,ROUNDUP(D91*Calculator!$B$8/3600/Calculator!$B$24-0.000000001,0),D91*Calculator!$B$8/3600/Calculator!$B$24)) | F91: =IF(A91="","",IF(Calculator!$B$16=1,Calculator!$B$27,A91)*Calculator!$B$5*Calculator!$B$15) | G91: =IF(A91="","",E91*Calculator!$B$6+Calculator!$C$37+F91+Calculator!$B$30) | H91: =IF(A91="","",Calculator!$B$40-G91) | I91: =IF(A91="","",A91*Calculator!$B$5*Calculator!$B$8/3600) | J91: =IF(A91="","",Calculator!$B$35-E91)
A92: =IF(90/1000<=Calculator!$B$27+0.0000001,90/1000,"") | B92: =IF(A92="","",A92/Calculator!$B$27) | C92: =IF(A92="","",Calculator!$B$27-A92) | D92: =IF(A92="","",(Calculator!$B$11+C92)*Calculator!$B$5) | E92: =IF(A92="","",IF(Calculator!$B$17=1,ROUNDUP(D92*Calculator!$B$8/3600/Calculator!$B$24-0.000000001,0),D92*Calculator!$B$8/3600/Calculator!$B$24)) | F92: =IF(A92="","",IF(Calculator!$B$16=1,Calculator!$B$27,A92)*Calculator!$B$5*Calculator!$B$15) | G92: =IF(A92="","",E92*Calculator!$B$6+Calculator!$C$37+F92+Calculator!$B$30) | H92: =IF(A92="","",Calculator!$B$40-G92) | I92: =IF(A92="","",A92*Calculator!$B$5*Calculator!$B$8/3600) | J92: =IF(A92="","",Calculator!$B$35-E92)
A93: =IF(91/1000<=Calculator!$B$27+0.0000001,91/1000,"") | B93: =IF(A93="","",A93/Calculator!$B$27) | C93: =IF(A93="","",Calculator!$B$27-A93) | D93: =IF(A93="","",(Calculator!$B$11+C93)*Calculator!$B$5) | E93: =IF(A93="","",IF(Calculator!$B$17=1,ROUNDUP(D93*Calculator!$B$8/3600/Calculator!$B$24-0.000000001,0),D93*Calculator!$B$8/3600/Calculator!$B$24)) | F93: =IF(A93="","",IF(Calculator!$B$16=1,Calculator!$B$27,A93)*Calculator!$B$5*Calculator!$B$15) | G93: =IF(A93="","",E93*Calculator!$B$6+Calculator!$C$37+F93+Calculator!$B$30) | H93: =IF(A93="","",Calculator!$B$40-G93) | I93: =IF(A93="","",A93*Calculator!$B$5*Calculator!$B$8/3600) | J93: =IF(A93="","",Calculator!$B$35-E93)
A94: =IF(92/1000<=Calculator!$B$27+0.0000001,92/1000,"") | B94: =IF(A94="","",A94/Calculator!$B$27) | C94: =IF(A94="","",Calculator!$B$27-A94) | D94: =IF(A94="","",(Calculator!$B$11+C94)*Calculator!$B$5) | E94: =IF(A94="","",IF(Calculator!$B$17=1,ROUNDUP(D94*Calculator!$B$8/3600/Calculator!$B$24-0.000000001,0),D94*Calculator!$B$8/3600/Calculator!$B$24)) | F94: =IF(A94="","",IF(Calculator!$B$16=1,Calculator!$B$27,A94)*Calculator!$B$5*Calculator!$B$15) | G94: =IF(A94="","",E94*Calculator!$B$6+Calculator!$C$37+F94+Calculator!$B$30) | H94: =IF(A94="","",Calculator!$B$40-G94) | I94: =IF(A94="","",A94*Calculator!$B$5*Calculator!$B$8/3600) | J94: =IF(A94="","",Calculator!$B$35-E94)
A95: =IF(93/1000<=Calculator!$B$27+0.0000001,93/1000,"") | B95: =IF(A95="","",A95/Calculator!$B$27) | C95: =IF(A95="","",Calculator!$B$27-A95) | D95: =IF(A95="","",(Calculator!$B$11+C95)*Calculator!$B$5) | E95: =IF(A95="","",IF(Calculator!$B$17=1,ROUNDUP(D95*Calculator!$B$8/3600/Calculator!$B$24-0.000000001,0),D95*Calculator!$B$8/3600/Calculator!$B$24)) | F95: =IF(A95="","",IF(Calculator!$B$16=1,Calculator!$B$27,A95)*Calculator!$B$5*Calculator!$B$15) | G95: =IF(A95="","",E95*Calculator!$B$6+Calculator!$C$37+F95+Calculator!$B$30) | H95: =IF(A95="","",Calculator!$B$40-G95) | I95: =IF(A95="","",A95*Calculator!$B$5*Calculator!$B$8/3600) | J95: =IF(A95="","",Calculator!$B$35-E95)
A96: =IF(94/1000<=Calculator!$B$27+0.0000001,94/1000,"") | B96: =IF(A96="","",A96/Calculator!$B$27) | C96: =IF(A96="","",Calculator!$B$27-A96) | D96: =IF(A96="","",(Calculator!$B$11+C96)*Calculator!$B$5) | E96: =IF(A96="","",IF(Calculator!$B$17=1,ROUNDUP(D96*Calculator!$B$8/3600/Calculator!$B$24-0.000000001,0),D96*Calculator!$B$8/3600/Calculator!$B$24)) | F96: =IF(A96="","",IF(Calculator!$B$16=1,Calculator!$B$27,A96)*Calculator!$B$5*Calculator!$B$15) | G96: =IF(A96="","",E96*Calculator!$B$6+Calculator!$C$37+F96+Calculator!$B$30) | H96: =IF(A96="","",Calculator!$B$40-G96) | I96: =IF(A96="","",A96*Calculator!$B$5*Calculator!$B$8/3600) | J96: =IF(A96="","",Calculator!$B$35-E96)
A97: =IF(95/1000<=Calculator!$B$27+0.0000001,95/1000,"") | B97: =IF(A97="","",A97/Calculator!$B$27) | C97: =IF(A97="","",Calculator!$B$27-A97) | D97: =IF(A97="","",(Calculator!$B$11+C97)*Calculator!$B$5) | E97: =IF(A97="","",IF(Calculator!$B$17=1,ROUNDUP(D97*Calculator!$B$8/3600/Calculator!$B$24-0.000000001,0),D97*Calculator!$B$8/3600/Calculator!$B$24)) | F97: =IF(A97="","",IF(Calculator!$B$16=1,Calculator!$B$27,A97)*Calculator!$B$5*Calculator!$B$15) | G97: =IF(A97="","",E97*Calculator!$B$6+Calculator!$C$37+F97+Calculator!$B$30) | H97: =IF(A97="","",Calculator!$B$40-G97) | I97: =IF(A97="","",A97*Calculator!$B$5*Calculator!$B$8/3600) | J97: =IF(A97="","",Calculator!$B$35-E97)
A98: =IF(96/1000<=Calculator!$B$27+0.0000001,96/1000,"") | B98: =IF(A98="","",A98/Calculator!$B$27) | C98: =IF(A98="","",Calculator!$B$27-A98) | D98: =IF(A98="","",(Calculator!$B$11+C98)*Calculator!$B$5) | E98: =IF(A98="","",IF(Calculator!$B$17=1,ROUNDUP(D98*Calculator!$B$8/3600/Calculator!$B$24-0.000000001,0),D98*Calculator!$B$8/3600/Calculator!$B$24)) | F98: =IF(A98="","",IF(Calculator!$B$16=1,Calculator!$B$27,A98)*Calculator!$B$5*Calculator!$B$15) | G98: =IF(A98="","",E98*Calculator!$B$6+Calculator!$C$37+F98+Calculator!$B$30) | H98: =IF(A98="","",Calculator!$B$40-G98) | I98: =IF(A98="","",A98*Calculator!$B$5*Calculator!$B$8/3600) | J98: =IF(A98="","",Calculator!$B$35-E98)
A99: =IF(97/1000<=Calculator!$B$27+0.0000001,97/1000,"") | B99: =IF(A99="","",A99/Calculator!$B$27) | C99: =IF(A99="","",Calculator!$B$27-A99) | D99: =IF(A99="","",(Calculator!$B$11+C99)*Calculator!$B$5) | E99: =IF(A99="","",IF(Calculator!$B$17=1,ROUNDUP(D99*Calculator!$B$8/3600/Calculator!$B$24-0.000000001,0),D99*Calculator!$B$8/3600/Calculator!$B$24)) | F99: =IF(A99="","",IF(Calculator!$B$16=1,Calculator!$B$27,A99)*Calculator!$B$5*Calculator!$B$15) | G99: =IF(A99="","",E99*Calculator!$B$6+Calculator!$C$37+F99+Calculator!$B$30) | H99: =IF(A99="","",Calculator!$B$40-G99) | I99: =IF(A99="","",A99*Calculator!$B$5*Calculator!$B$8/3600) | J99: =IF(A99="","",Calculator!$B$35-E99)
A100: =IF(98/1000<=Calculator!$B$27+0.0000001,98/1000,"") | B100: =IF(A100="","",A100/Calculator!$B$27) | C100: =IF(A100="","",Calculator!$B$27-A100) | D100: =IF(A100="","",(Calculator!$B$11+C100)*Calculator!$B$5) | E100: =IF(A100="","",IF(Calculator!$B$17=1,ROUNDUP(D100*Calculator!$B$8/3600/Calculator!$B$24-0.000000001,0),D100*Calculator!$B$8/3600/Calculator!$B$24)) | F100: =IF(A100="","",IF(Calculator!$B$16=1,Calculator!$B$27,A100)*Calculator!$B$5*Calculator!$B$15) | G100: =IF(A100="","",E100*Calculator!$B$6+Calculator!$C$37+F100+Calculator!$B$30) | H100: =IF(A100="","",Calculator!$B$40-G100) | I100: =IF(A100="","",A100*Calculator!$B$5*Calculator!$B$8/3600) | J100: =IF(A100="","",Calculator!$B$35-E100)
...

Sheet Checks
A1: Sanity check | B1: Expected | C1: Workbook | D1: Pass?
A2: Four paths add to 100% | B2: =1 | C2: =Calculator!B29 | D2: =IF(ABS(B2-C2)<0.01,"PASS","FAIL")
A3: At 0% AVA: FTEs equal FTEs without AVA | B3: =Calculator!B35 | C3: =INDEX(Ladder!E:E,MATCH(ROUND(0,3),Ladder!A:A,0)) | D3: =IF(ABS(B3-C3)<0.01,"PASS","FAIL")
A4: At 0% AVA: savings = IVR fees avoided − (AVA per-call cost + fixed) when AVA is charged on escalations | B4: =Calculator!$B$27*Calculator!$B$5*Calculator!$B$14-(IF(Calculator!$B$16=1,Calculator!$B$27*Calculator!$B$5*Calculator!$B$15,0)+Calculator!B30) | C4: =INDEX(Ladder!H:H,MATCH(ROUND(0,3),Ladder!A:A,0)) | D4: =IF(ABS(B4-C4)<0.01,"PASS","FAIL")
A5: At break-even: savings are zero or slightly positive | B5: ≥ 0 | C5: =INDEX(Ladder!H:H,MATCH(ROUND(Calculator!B55,3),Ladder!A:A,0)) | D5: =IF(C5>=0,"PASS","FAIL")
A6: One step (0.1%) below break-even: savings are negative | B6: < 0 | C6: =IF(Calculator!B55=0,"n/a",INDEX(Ladder!H:H,MATCH(ROUND(Calculator!B55-0.001,3),Ladder!A:A,0))) | D6: =IF(C6="n/a","n/a",IF(C6<0,"PASS","FAIL"))
A7: At maximum AVA (all calls reaching AVA contained): only direct calls need FTEs | B7: =IF(Calculator!$B$17=1,ROUNDUP(Calculator!$B$11*Calculator!$B$5*Calculator!$B$8/3600/Calculator!B24-0.000000001,0),Calculator!$B$11*Calculator!$B$5*Calculator!$B$8/3600/Calculator!B24) | C7: =INDEX(Ladder!E:E,MATCH(ROUND(Calculator!$B$27,3),Ladder!A:A,0)) | D7: =IF(ABS(B7-C7)<0.01,"PASS","FAIL")
A8: Hours chain: labor saved + IVR avoided − AVA cost = total cost difference | B8: =Calculator!B42 | C8: =Calculator!B52 | D8: =IF(ABS(B8-C8)<0.01,"PASS","FAIL")
A9: Fractional FTEs: FTEs saved = hours automated ÷ handle hours per FTE | B9: =Calculator!B47 | C9: =IF(Calculator!$B$17=1,"turn rounding off",Calculator!B48) | D9: =IF(ISNUMBER(C9),IF(ABS(B9-C9)<0.01,"PASS","FAIL"),"n/a")
A10: Fractional agents: labor = agent calls × agent cost per call | B10: =Calculator!B33*Calculator!B26 | C10: =IF(Calculator!$B$17=1,"turn rounding off",Calculator!B36) | D10: =IF(ISNUMBER(C10),IF(ABS(B10-C10)<0.01,"PASS","FAIL"),"n/a")
A12: The 0%-AVA savings check assumes 0% AVA leaves agents unchanged, which holds because both sides then route the same calls to agents.
